scrip_code,symbol,name,sector,industry,market_cap
16921,20MICRONS,20 MICRONS LTD,,,
13061,360ONE,360 ONE WAM LIMITED,,,
30105,GOLD360,360ONEAMC - GOLD360,,,
756150,SILVER360,360ONEAMC - SILVER360,,,
445,5PAISA,5PAISA CAPITAL LIMITED,,,
11868,63MOONS,63 MOONS TECHNOLOGIES LTD,,,
800334,676GS2061,676GOI2061,,,
810723,687MH33,687MAHSDL33,,,
800809,724GOI55,724GOI55,,,
800588,725GS2063,725GOI2063,,,
800607,734GS2064,734GOI2064,,,
800442,738GS2027,738GOI2027,,,
540874,7SEASL,7SEAS ENTERTAINMENT LIMITED,,,
759130,ABCOTS,A B COTSPIN INDIA LIMITED,,,
762528,ABMKNO,A B M KNOWLEDGEWARE LTD.,,,
12533,AAATECH,AAA TECHNOLOGIES LIMITED,,,
23729,AADHARHFC,AADHAR HOUSING FINANCE L,,,
1030,AARON,AARON INDUSTRIES LIMITED,,,
17145,AARTECH,AARTECH SOLONICS LIMITED,,,
4481,AARTIDRUGS,AARTI DRUGS LTD.,,,
7,AARTIIND,AARTI INDUSTRIES LTD,,,
13868,AARTIPHARM,AARTI PHARMALABS LIMITED,,,
19073,AARVI,AARVI ENCON LIMITED,,,
5385,AAVAS,AAVAS FINANCIERS LIMITED,,,
540718,AAYUSHBULL,AAYUSH ART AND BULLION LIMITED,,,
13,ABB,ABB INDIA LIMITED,,,
17903,ABBOTINDIA,ABBOTT INDIA LIMITED,,,
22,ACC,ACC LIMITED,,,
544710,ACCORDTS,ACCORD TRANSFORMER & SWITCHGEA,,,
531525,ACESOFT,ACE SOFTWARE EXPORTS LTD.,,,
27061,ACMESOLAR,ACME SOLAR HOLDINGS LTD,,,
13587,ACE,ACTION CONST EQUIP LTD,,,
5578,ACUTAAS,ACUTAAS CHEMICALS LIMITED,,,
10217,ADANIENSOL,ADANI ENERGY SOLUTION LTD,,,
25,ADANIENT,ADANI ENTERPRISES LIMITED,,,
3563,ADANIGREEN,ADANI GREEN ENERGY LTD,,,
15083,ADANIPORTS,ADANI PORT & SEZ LTD,,,
17388,ADANIPOWER,ADANI POWER LTD,,,
6066,ATGL,ADANI TOTAL GAS LIMITED,,,
544435,ADCOUNTY,ADCOUNTY MEDIA INDIA LIMITED,,,
19761,ADFFOODS,ADF FOODS LIMITED,,,
6018,ABSLAMC,ADIT BIRL SUN LIF AMC LTD,,,
21614,ABCAPITAL,ADITYA BIRLA CAPITAL LTD.,,,
30108,ABFRL,ADITYA BIRLA FASHION & RT,,,
756843,ABLBL,ADITYA BIRLA LIFES BRAN L,,,
15239,BIRLAMONEY,ADITYA BIRLA MONEY LTD,,,
625,ABREL,ADITYA BIRLA REAL EST LTD,,,
758858,CPPLUS,ADITYA INFOTECH LIMITED,,,
25984,AVL,ADITYA VISION LIMITED,,,
23804,BSLGOLDETF,ADITYBIRLA SL GOLD ETF-GR,,,
34,ADOR,ADOR WELDING LTD,,,
760657,ADVAIT,ADVAIT ENRGY TRANSITION L,,,
759402,ADVANCE,ADVANCE AGROLIFE LIMITED,,,
18039,ADVENZYMES,ADVANCED ENZYME TECH LTD,,,
14745,ADVANIHOTR,ADVANI HOT.& RES.(I) LTD,,,
759769,ADVENTHTL,ADVENT HOTELS INTERNATI L,,,
40,AEGISLOG,AEGIS LOGISTICS LIMITED,,,
757336,AEGISVOPAK,AEGIS VOPAK TERMINALS LTD,,,
544213,ACLD,AELEA COMMODITIES LIMITED,,,
760234,AEQUS,AEQUS LIMITED,,,
12015,AEROENTER,AEROFLEX ENTERPRISES LTD,,,
18268,AEROFLEX,AEROFLEX INDUSTRIES LTD,,,
13689,AERONEU,AEROFLEX NEU LIMITED,,,
9810,AETHER,AETHER INDUSTRIES LIMITED,,,
25977,AFCONS,AFCONS INFRASTRUCTURE LTD,,,
11343,AFFLE,AFFLE 3I LIMITED,,,
3389,AGARIND,AGARWAL INDS CORP LTD.,,,
1412,AGI,AGI GREENPAC LIMITED,,,
24445,AGIIL,AGI INFRA LIMITED,,,
17833,AHLUCONT,AHLUWALIA CONT IND LTD,,,
13086,AIAENG,AIA ENGINEERING LIMITED,,,
9874,GOLDTECH,AION-TECH SOLUTIONS LTD,,,
544516,AIRFLOA,AIRFLOA RAIL TECHNOLOGY LIMITE,,,
6068,AIROLAM,AIRO LAM LIMITED,,,
8124,AJANTPHARM,AJANTA PHARMA LIMITED,,,
29624,AJAXENGG,AJAX ENGINEERING LIMITED,,,
17307,AJMERA,AJMERA REALTY & INF I LTD,,,
24715,AKUMS,AKUMS DRUGS AND PHARMA L,,,
79,ALEMBICLTD,ALEMBIC LIMITED,,,
25328,APLLTD,ALEMBIC PHARMA LTD,,,
761270,ALGOQUANT,ALGOQUANT FINTECH LIMITED,,,
13656,ALICON,ALICON CASTALLOY LIMITED,,,
5265,ALIVUS,ALIVUS LIFE SCIENCES LTD,,,
11703,ALKEM,ALKEM LABORATORIES LTD.,,,
4487,ALKYLAMINE,ALKYL AMINES CHEM. LTD,,,
758448,ALLTIME,ALL TIME PLASTICS LIMITED,,,
24308,ABDL,ALLIED BLEND N DISTILS L,,,
14813,ADSL,ALLIED DIGITAL SERV. LTD,,,
14848,ALPA,ALPA LABORATORIES LTD,,,
14597,ALPHAGEO,ALPHAGEO (INDIA) LIMITED,,,
524634,ALUFLUOR,ALUFLUORIDE LTD.,,,
760740,AMAGI,AMAGI MEDIA LABS LIMITED,,,
100,ARE&M,AMARA RAJA ENERGY MOB LTD,,,
1185,AMBER,AMBER ENTERPRISES (I) LTD,,,
15234,AMBIKCO,AMBIKA COTTON MILL LTD.,,,
1270,AMBUJACEM,AMBUJA CEMENTS LTD,,,
761670,AMIRCHAND,AMIR CHAND JAG KUM (E) L,,,
17547,AMRUTANJAN,AMRUTAJAN HEALTH LTD,,,
759956,ARSSBL,ANAND RATHI SH N STK BR L,,,
7145,ANANDRATHI,ANAND RATHI WEALTH LTD,,,
13620,ANANTRAJ,ANANT RAJ LIMITED,,,
166,ANDHRAPAP,ANDHRA PAPER LIMITED,,,
136,ANDHRSUGAR,ANDHRA SUGARS LTD,,,
324,ANGELONE,ANGEL ONE LIMITED,,,
13598,ANTELOPUS,ANTELOPUS SELAN ENRGY LTD,,,
757885,ANTHEM,ANTHEM BIOSCIENCES LTD,,,
1797,AWHCL,ANTONY WASTE HDG CELL LTD,,,
28314,ANUHPHR,ANUH PHARMA LIMITED,,,
2829,ANURAS,ANUPAM RASAYAN INDIA LTD,,,
30472,AONELIQUID,AONEAMC - AONELIQUID,,,
11491,APARINDS,APAR INDUSTRIES LTD.,,,
154,APCOTEXIND,APCOTEX INDUSTRIES LIMITE,,,
21623,APEX,APEX FROZEN FOODS LIMITED,,,
25780,APLAPOLLO,APL APOLLO TUBES LTD,,,
157,APOLLOHOSP,APOLLO HOSPITALS ENTER. L,,,
1134,APOLLO,APOLLO MICRO SYSTEMS LTD,,,
14361,APOLLOPIPE,APOLLO PIPES LIMITED,,,
544671,ATIL,APOLLO TECHNO INDUSTRIES LIMIT,,,
163,APOLLOTYRE,APOLLO TYRES LTD,,,
5435,APTUS,APTUS VALUE HSG FIN I LTD,,,
12024,ACI,ARCHEAN CHEMICAL IND LTD,,,
524640,ARCHITORG,ARCHIT ORGANOSYS LTD.,,,
758700,ARFIN,ARFIN INDIA LIMITED,,,
3813,ARIHANTCAP,ARIHANT CAPITAL MKTS LTD,,,
20159,ARIHANTSUP,ARIHANT SUPERSTRUCT LTD,,,
757614,ARIS,ARISINFRA SOLUTIONS LTD,,,
25398,ARKADE,ARKADE DEVELOPERS LIMITED,,,
17263,ARMANFIN,ARMAN FIN SERV LTD,,,
538556,ARMAN,ARMAN HOLDINGS LTD,,,
16913,ARTEMISMED,ARTEMIS MED SERVICE LTD,,,
522134,ARTSON,ARTSON LIMITED,,,
9111,ARVINDFASN,ARVIND FASHIONS LIMITED,,,
193,ARVIND,ARVIND LIMITED,,,
10457,ARVSMART,ARVIND SMARTSPACES LTD,,,
5378,ASAHIINDIA,ASAHI INDIA GLASS LIMITED,,,
543943,ASARFI,ASARFI HOSPITAL LIMITED,,,
203,ASHAPURMIN,ASHAPURA MINECHEM LTD,,,
24403,ASHIANA,ASHIANA HOUSING LTD,,,
762548,ASHIKA,ASHIKA CREDIT CAPITAL L,,,
212,ASHOKLEY,ASHOK LEYLAND LTD,,,
20182,ASHOKA,ASHOKA BUILDCON LTD,,,
7030,ASIANENE,ASIAN ENERGY SERVICES LTD,,,
14889,ASIANTILES,ASIAN GRANITO IND. LTD.,,,
236,ASIANPAINT,ASIAN PAINTS LIMITED,,,
20152,ASKAUTOLTD,ASK AUTOMOTIVE LIMITED,,,
526433,ASMTEC,ASM TECHNOLOGIES LTD.,,,
17598,ASALCBR,ASSO ALCOHOLS & BREW LTD,,,
512600,ASTALLTD,ASTAL LABORATORIES LIMITED,,,
17728,ASTEC,ASTEC LIFESCIENCES LTD,,,
1508,ASTERDM,ASTER DM HEALTHCARE LTD.,,,
11618,ASTRAMICRO,ASTRA MICROWAVE LTD,,,
14418,ASTRAL,ASTRAL LIMITED,,,
757645,ATHERENERG,ATHER ENERGY LIMITED,,,
759007,ATLANTAELE,ATLANTA ELECTRICALS LTD,,,
30023,ATULAUTO,ATUL AUTO LIMITED,,,
263,ATUL,ATUL LTD,,,
21238,AUBANK,AU SMALL FINANCE BANK LTD,,,
12022,AURIONPRO,AURIONPRO SOLN LTD,,,
275,AUROPHARMA,AUROBINDO PHARMA LTD,,,
10310,AURUM,AURUM PROPTECH LIMITED,,,
23553,AIIL,AUTHUM INVEST & INFRA LTD,,,
532797,AUTOIND,AUTOLINE INDUSTRIES LTD.,,,
278,AUTOAXLES,AUTOMOTIVE AXLES LIMITED,,,
10634,ASAL,AUTOMOTIVE STAMPINGS & AS,,,
15058,AVALON,AVALON TECHNOLOGIES LTD,,,
24610,AVANTEL,AVANTEL LIMITED,,,
7936,AVANTIFEED,AVANTI FEEDS LIMITED,,,
19913,DMART,AVENUE SUPERMARTS LIMITED,,,
15589,AVG,AVG LOGISTICS LIMITED,,,
14008,AVTNPL,AVT NATURAL PRODUCTS LTD,,,
23864,AWFIS,AWFIS SPACE SOLUTIONS LTD,,,
8110,AWL,AWL AGRI BUSINESS LIMITED,,,
5900,AXISBANK,AXIS BANK LIMITED,,,
20532,AXISGOLD,AXIS MF - AXIS GOLD ETF,,,
11193,AXISILVER,AXISAMC - AXISILVER,,,
21252,AXISNIFTY,AXISAMC - AXISNIFTY,,,
9436,AXISCADES,AXISCADES TECH LTD,,,
523850,AXTEL,AXTEL INDUSTRIES LTD.,,,
760981,AYE,AYE FINANCE LIMITED,,,
20905,AZAD,AZAD ENGINEERING LIMITED,,,
538812,AANCHALISP,Aanchal Ispat Limited,,,
544694,ANL,Accretion Nutraveda Limited,,,
544224,AFCOM,Afcom Holdings Limited,,,
543225,ALTIUSINVIT,Altius Telecom Infrastructure,,,
519471,AMBARPIL,Ambar Protein Industries Limit,,,
544037,AMIC,Amic Forging Limited,,,
542721,ARL,Anand Rayons Limited,,,
526443,AEIM,Artificial Electronics Intelli,,,
544177,AZTEC,Aztec Fluids & Machinery Limit,,,
13290,BLKASHYAP,B.L.KASHYAP & SON LTD,,,
544670,BAIKAKAJI,BAI-KAKAJI POLYMERS LIMITED,,,
16669,BAJAJ-AUTO,BAJAJ AUTO LIMITED,,,
19531,BAJAJCON,BAJAJ CONSUMER CARE LTD,,,
15034,BAJAJELEC,BAJAJ ELECT.LTD,,,
317,BAJFINANCE,BAJAJ FINANCE LIMITED,,,
16675,BAJAJFINSV,BAJAJ FINSERV LTD.,,,
6863,BAJAJHCARE,BAJAJ HEALTHCARE LIMITED,,,
305,BAJAJHLDNG,BAJAJ HOLDINGS & INVS LTD,,,
25270,BAJAJHFL,BAJAJ HOUSING FINANCE LTD,,,
762563,BAJAJST,BAJAJ STEEL INDS. LTD.,,,
20531,BAJEL,BAJEL PROJECTS LIMITED,,,
13441,BALPHARMA,BAL PHARMA LTD.,,,
14501,BALAMINES,BALAJI AMINES LIMITED,,,
9158,BALAJITELE,BALAJI TELEFILMS LIMITED.,,,
335,BALKRISIND,BALKRISHNA IND. LTD,,,
338,BALMLAWRIE,BALMER LAWRIE & CO LTD,,,
762603,BLIL,BALMER LAWRIE INVSTS. L,,,
341,BALRAMCHIN,BALRAMPUR CHINI MILLS LTD,,,
23607,BALUFORGE,BALU FORGE INDUSTRIES LTD,,,
13880,BANCOINDIA,BANCO PRODUCTS (I) LTD,,,
2263,BANDHANBNK,BANDHAN BANK LIMITED,,,
760325,GOLDBND,BANDHANAMC - GOLDBND,,,
760328,SILVERBND,BANDHANAMC - SILVERBND,,,
4668,BANKBARODA,BANK OF BARODA,,,
4745,BANKINDIA,BANK OF INDIA,,,
11377,MAHABANK,BANK OF MAHARASHTRA,,,
24386,BANSALWIRE,BANSAL WIRE INDUSTRIES L,,,
14511,BANSWRAS,BANSWARA SYNTEX LIMITED,,,
20547,BBNPPGOLD,BARODABNP - BBNPPGOLD,,,
368,BASF,BASF INDIA LTD,,,
371,BATAINDIA,BATA INDIA LTD,,,
762568,BATLIBOI,BATLIBOI LTD.,,,
17927,BAYERCROP,BAYER CROPSCIENCE LTD,,,
517246,BCCFUBA,BCC FUBA INDIA LTD.,,,
761494,BCPL,BCPL RAILWAY INFRA LTD,,,
757938,BELLACASA,BELLA CASA FASH AND RET L,,,
757102,BELRISE,BELRISE INDUSTRIES LTD,,,
522650,BEMHY,BEMCO HYDRAULICS LTD.,,,
15067,BLAL,BEML LAND ASSETS LIMITED,,,
395,BEML,BEML LIMITED,,,
404,BERGEPAINT,BERGER PAINTS (I) LTD,,,
759842,BETA,BETA DRUGS LIMITED,,,
21113,BFINVEST,BF INVESTMENT LIMITED,,,
14567,BFUTILITIE,BF UTILITIES LIMITED,,,
21986,BANKBETF,BFAM - BANKBETF,,,
23915,LIQUIDBETF,BFAM - LIQUIDBETF,,,
532930,BGRENERGY,BGR ENERGY SYSTEMS LTD.,,,
6164,BHAGCHEM,BHAGIRADHA CHEM & INDS L,,,
512296,BHAGYANGR,BHAGYANAGAR INDIA LTD.,,,
419,BEPL,BHANSALI ENG. POLYMERS LT,,,
13761,BBL,BHARAT BIJLEE LTD,,,
2144,BDL,BHARAT DYNAMICS LIMITED,,,
383,BEL,BHARAT ELECTRONICS LTD,,,
422,BHARATFORG,BHARAT FORGE LTD,,,
426,BHARATGEAR,BHARAT GEARS LTD.,,,
521238,BGDL,BHARAT GLOBAL DEVELOPERS LIMIT,,,
526,BPCL,BHARAT PETROLEUM CORP  LT,,,
30244,BHARATSE,BHARAT SEATS LIMITED,,,
16123,BHARATWIRE,BHARAT WIRE ROPES LTD.,,,
544535,BHARATROHAN,BHARATROHAN AIRBORNE INNOVATIO,,,
10604,BHARTIARTL,BHARTI AIRTEL LIMITED,,,
23489,BHARTIHEXA,BHARTI HEXACOM LIMITED,,,
7848,BIL,BHARTIYA INTERNATIONAL,,,
438,BHEL,BHEL,,,
762618,BTTL,BHILWARA TECHNICAL TEXT L,,,
11966,BIKAJI,BIKAJI FOODS INTERN LTD,,,
759806,GROWW,BILLIONBRAINS GARAGE VN L,,,
11373,BIOCON,BIOCON LIMITED.,,,
480,BIRLACORPN,BIRLA CORPORATION LTD,,,
13987,ABSLBANETF,BIRLASLAMC - ABSLBANETF,,,
5957,BSLSENETFG,BIRLASLAMC - BSLSENETFG,,,
8003,SILVER,BIRLASLAMC - SILVER,,,
6994,BSOFT,BIRLASOFT LIMITED,,,
3435,BBOX,BLACK BOX LIMITED,,,
762598,BLACKROSE,BLACK ROSE INDS. LTD.,,,
27144,BLACKBUCK,BLACKBUCK LIMITED,,,
19265,BLISSGVS,BLISS GVS PHARMA LTD,,,
22566,BLSE,BLS E-SERVICES LIMITED,,,
17279,BLS,BLS INTL SERVS LTD,,,
495,BLUEDART,BLUE DART EXPRESS LTD,,,
19686,BLUEJET,BLUE JET HEALTHCARE LTD,,,
8311,BLUESTARCO,BLUE STAR LIMITED,,,
759291,BLUESTONE,BLUESTONE JEWEL LFSTL LTD,,,
757520,BLUSPRING,BLUSPRING ENTERPRISES LTD,,,
542669,BMW,BMW INDUSTRIES LIMITED,,,
759256,BMWVENTLTD,BMW VENTURES LIMITED,,,
380,BBTC,BOMBAY BURMAH TRADING COR,,,
513,BOMDYEING,BOMBAY DYEING & MFG. CO L,,,
757919,BORANA,BORANA WEAVES LIMITED,,,
19401,BOROLTD,BOROSIL LIMITED,,,
3149,BORORENEW,BOROSIL RENEWABLES LTD,,,
24014,BOROSCI,BOROSIL SCIENTIFIC LTD,,,
4491,BOSCH-HCIL,BOSCH HOME COMFRT IND LTD,,,
2181,BOSCHLTD,BOSCH LIMITED,,,
530,BPL,BPL LTD,,,
535693,BRAHMINFRA,BRAHMAPUTRA INFRASTRUCTURE LTD,,,
24814,FIRSTCRY,BRAINBEES SOLUTIONS LTD,,,
7780,BCONCEPTS,BRAND CONCEPTS LIMITED,,,
15184,BRIGADE,BRIGADE ENTER. LTD,,,
757794,BRIGHOTEL,BRIGADE HOTEL VENTURE LTD,,,
547,BRITANNIA,BRITANNIA INDUSTRIES LTD,,,
533543,BROOKS,BROOKS LABORATORIES LTD.,,,
19585,BSE,BSE LIMITED,,,
2716,BUTTERFLY,BTRFLY GANDHI APPL LTD,,,
544243,STYLEBAAZA,Baazar Style Retail Limited,,,
544758,BAGMANE,Bagmane Prime Office REIT,,,
539834,BALGOPAL,Balgopal Commercial limited,,,
544369,BEEZAASAN,Beezaasan Explotech Limited,,,
543971,BONDADA,Bondada Engineering Limited,,,
543831,BRIGHT,Bright Outdoor Media Limited,,,
543261,BIRET,Brookfield India Real Estate T,,,
7227,MAPMYINDIA,C.E. INFO SYSTEMS LIMITED,,,
6216,CAMLINFINE,CAMLIN FINE SCIENCES LTD,,,
9362,CAMPUS,CAMPUS ACTIVEWEAR LIMITED,,,
583,CANFINHOME,CAN FIN HOMES LTD,,,
10794,CANBK,CANARA BANK,,,
759477,CANHLIFE,CANARA HSBC LIFE INS CO L,,,
759311,CRAMC,CANARA ROBECO AMC LIMITED,,,
522292,CANDOUR,CANDOUR TECHTEX LIMITED,,,
20160,CANTABIL,CANTABIL RETAIL LTD,,,
21749,CAPACITE,CAPACITE INFRAPROJECT LTD,,,
759867,CAPILLARY,CAPILLARY TECHNO INDIA L,,,
22675,CAPITALSFB,CAPITAL SMALL FIN BANK L,,,
3906,CAPLIPOINT,CAPLIN POINT LAB LTD.,,,
20329,CGCL,CAPRI GLOBAL CAPITAL LTD,,,
536974,CPL,CAPTAIN POLYPLAST LTD,,,
595,CARBORUNIV,CARBORUNDUM UNIVERSAL LTD,,,
29113,CARERATING,CARE RATINGS LIMITED,,,
28879,CARRARO,CARRARO INDIA LIMITED,,,
5407,CARTRADE,CARTRADE TECH LIMITED,,,
1879,CARYSIL,CARYSIL LIMITED,,,
1250,CASTROLIND,CASTROL INDIA LIMITED,,,
11452,CCL,CCL PRODUCTS (I) LTD,,,
15254,CEATLTD,CEAT LIMITED,,,
24742,CEIGALL,CEIGALL INDIA LIMITED,,,
761037,CEINSYS,CEINSYS TECH LIMITED,,,
19795,CELLO,CELLO WORLD LIMITED,,,
5622,CEMPRO,CEMINDIA PROJECTS LIMITED,,,
21174,CDSL,CENTRAL DEPO SER (I) LTD,,,
761581,CMPDI,CENTRAL MINE P N D INST L,,,
14982,CENTUM,CENTUM ELECTRONICS LTD,,,
619,CENTENKA,CENTURY ENKA LTD,,,
13305,CENTURYPLY,CENTURY PLYBOARDS (I) LTD,,,
628,CESC,CESC LTD,,,
543920,CFF,CFF FLUID CONTROL LIMITED,,,
760,CGPOWER,CG POWER AND IND SOL LTD,,,
8546,CHALET,CHALET HOTELS LIMITED,,,
3482,CLSEL,CHAMAN LAL SETIA EXP LTD,,,
637,CHAMBLFERT,CHAMBAL FERTILIZERS LTD,,,
270,CHEMCON,CHEMCON SPECIAL CHEM LTD,,,
5449,CHEMPLASTS,CHEMPLAST SANMAR LIMITED,,,
2049,CHENNPETRO,CHENNAI PETROLEUM CORP LT,,,
8866,CHOICEIN,CHOICE INTERNATIONAL LTD,,,
759610,CHOICEGOLD,CHOICEAMC - CHOICEGOLD,,,
21740,CHOLAHLDNG,CHOLAMANDALAM FIN HOL LTD,,,
685,CHOLAFIN,CHOLAMANDALAM IN & FIN CO,,,
519477,CIANAGRO,CIAN Agro Ind & Infra Ltd,,,
14937,CIEINDIA,CIE AUTOMOTIVE INDIA LTD,,,
694,CIPLA,CIPLA LTD,,,
5701,CUB,CITY UNION BANK LTD,,,
760183,CLEANMAX,CLEAN MAX ENVIRO EN SOL L,,,
5049,CLEAN,CLEAN SCIENCE & TECH LTD,,,
30893,CMRGREEN,CMR GREEN TECHNOLOGIES L,,,
7603,CMSINFO,CMS INFO SYSTEMS LIMITED,,,
20374,COALINDIA,COAL INDIA LTD,,,
6006,COASTCORP,COASTAL CORPORATION LTD,,,
21508,COCHINSHIP,COCHIN SHIPYARD LIMITED,,,
11543,COFORGE,COFORGE LIMITED,,,
17945,COHANCE,COHANCE LIFESCIENCES LTD,,,
15141,COLPAL,COLGATE PALMOLIVE LTD.,,,
531210,COLINZ,COLINZ LABORATORIES LTD.,,,
342,CAMS,COMPUTER AGE MNGT SER LTD,,,
18060,CONCORDBIO,CONCORD BIOTECH LIMITED,,,
28764,CEWATER,CONCORD ENVIRO SYSTEMS L,,,
10238,CONFIPET,CONFIDENCE PETRO IND LTD.,,,
4749,CONCOR,CONTAINER CORP OF IND LTD,,,
17477,CONTROLPR,CONTROL PRINT LIMITED,,,
533167,COROENGG,COROMANDEL ENGINEERING COMPANY,,,
739,COROMANDEL,COROMANDEL INTERNTL. LTD,,,
760254,CORONA,CORONA REMEDIES LIMITED,,,
742,COSMOFIRST,COSMO FIRST LIMITED,,,
2328,CPSEETF,CPSE ETF,,,
2854,CRAFTSMAN,CRAFTSMAN AUTOMATION LTD,,,
522001,CRANEX,CRANEX LTD.,,,
11155,CNL,CREATIVE NEWTECH LIMITED,,,
4421,CREDITACC,CREDITACCESS GRAMEEN LTD,,,
20878,MUFTI,CREDO BRANDS MARKETING L,,,
757,CRISIL,CRISIL LTD,,,
757850,CRIZAC,CRIZAC LIMITED,,,
17094,CROMPTON,CROMPT GREA CON ELEC LTD,,,
14966,CSBBANK,CSB BANK LIMITED,,,
10350,CSLFINANCE,CSL FINANCE LIMITED,,,
4064,CUBEXTUB,CUBEX TUBINGS LTD,,,
1901,CUMMINSIND,CUMMINS INDIA LTD,,,
18520,CUPID,CUPID LIMITED,,,
543378,CWD,CWD Limited,,,
6051,CYBERTECH,CYBERTECH SYSTEMS & SOFTW,,,
17187,CYIENTDLM,CYIENT DLM LIMITED,,,
5748,CYIENT,CYIENT LIMITED,,,
544338,CAPINVIT,Capital Infra Trust,,,
542627,CHANDNIMACH,Chandni Machines Limited,,,
544546,CHTR,Chatterbox Technologies Limite,,,
543899,CUBEINVIT,Cube Highways Trust,,,
16900,DPWIRES,D P WIRES LIMITED,,,
17851,DLINKINDIA,D-LINK INDIA LTD,,,
936,DPABHUSHAN,D. P. ABHUSHAN LIMITED,,,
17881,DBCORP,D.B.CORP LTD,,,
772,DABUR,DABUR INDIA LTD,,,
8075,DALBHARAT,DALMIA BHARAT LIMITED,,,
781,DALMIASUG,DALMIA BHARAT SUG IN LTD,,,
28662,DAMCAPITAL,DAM CAPITAL ADVISORS LTD,,,
7358,DATAPATTNS,DATA PATTERNS INDIA LTD,,,
11423,DATAMATICS,DATAMATICS GLOBAL SER LTD,,,
13725,DCBBANK,DCB BANK LIMITED,,,
544702,DCMSIL,DCM SHRIRAM INTERNATIONAL LIMI,,,
811,DCMSHRIRAM,DCM SHRIRAM LIMITED,,,
11895,DCXINDIA,DCX SYSTEMS LIMITED,,,
29098,DDEVPLSTIK,DDEV PLASTIKS IND LTD,,,
4279,DENORA,DE NORA INDIA LIMITED,,,
14838,DECCANCE,DECCAN CEMENTS LIMITED,,,
762638,DECNGOLD,DECCAN GOLD MINES LTD.,,,
3292,DEEPINDS,DEEP INDUSTRIES LIMITED,,,
827,DEEPAKFERT,DEEPAK FERTILIZERS & PETR,,,
19943,DEEPAKNTR,DEEPAK NITRITE LTD,,,
514030,DEEPAKSP,DEEPAK SPINNERS LTD.,,,
9599,DELHIVERY,DELHIVERY LIMITED,,,
15044,DELTACORP,DELTA CORP LIMITED,,,
537536,DENISCHEM,DENIS CHEM LAB LTD,,,
29256,DENTA,DENTA WATER N INFRA SOL L,,,
5373,DEVYANI,DEVYANI INTERNATIONAL LTD,,,
857,DHAMPURSUG,DHAMPUR SUGAR MILLS LTD.,,,
24409,DHANUKA,DHANUKA AGRITECH LTD,,,
13001,DHARMAJ,DHARMAJ CROP GUARD LTD,,,
531237,DHRUVCA,DHRUVA CAPITAL SERVICES LTD.,,,
18644,DIAMINESQ,DIAMINES & CHEMICALS LTD,,,
18543,DIACABS,DIAMOND POWER INFRA LTD,,,
25672,DIFFNKG,DIFFUSION ENGINEERS LTD,,,
544684,DIGILOGIC,DIGILOGIC SYSTEMS LIMITED,,,
757515,DIGITIDE,DIGITIDE SOLUTIONS LTD,,,
544798,DIKSHA,DIKSHA POLYMERS LIMITED,,,
18086,DBL,DILIP BUILDCON LIMITED,,,
21704,DCAL,DISHMAN CARBO AMCIS LTD,,,
14479,DIVGIITTS,DIVGI TORQTRANSFER SYST L,,,
10940,DIVISLAB,DIVI S LABORATORIES LTD,,,
21690,DIXON,DIXON TECHNO (INDIA) LTD,,,
12749,DJML,DJ MEDIAPRINT & LOG LTD,,,
14732,DLF,DLF LIMITED,,,
6973,DMCC,DMCC SPECIALITY CHEMICALS,,,
4822,DODLA,DODLA DAIRY LIMITED,,,
12124,DOLATALGO,DOLAT ALGOTECH LIMITED,,,
20560,DOLLAR,DOLLAR INDUSTRIES LIMITED,,,
20551,DOMS,DOMS INDUSTRIES LIMITED,,,
13839,DONEAR,DONEAR IND. LIMITED,,,
29452,AGARWALEYE,DR AGARWALS HEALTH CARE L,,,
11654,LALPATHLAB,DR. LAL PATH LABS LTD.,,,
881,DRREDDY,DR. REDDY S LABORATORIES,,,
10859,DREAMFOLKS,DREAMFOLKS SERVICES LTD,,,
11271,DREDGECORP,DREDGING CORP OF INDIA,,,
544568,ZAPPFRESH,DSM Fresh Foods Limited,,,
1927,LIQUIDETF,DSP LIQUID ETF,,,
13644,BANKADD,DSPAMC - DSPBANK,,,
15356,GOLDADD,DSPAMC - DSPGOLD,,,
6606,EQUAL50ADD,DSPAMC - DSPNEWETF,,,
7451,NIFTYADD,DSPAMC - DSPNIFTY,,,
17616,PSUBANKADD,DSPAMC - DSPPSBKETF,,,
10761,SILVERADD,DSPAMC - DSPSILVETF,,,
22592,HEALTHADD,DSPAMC - HEALTHADD,,,
23407,LIQUIDADD,DSPAMC - LIQUIDADD,,,
25171,TOP10ADD,DSPAMC - TOP10ADD,,,
25690,DSSL,DYNACONS SYS & SOLN LTD,,,
4525,DYNAMATECH,DYNAMATIC TECHNOLOGIES,,,
10417,DYCL,DYNAMIC CABLES LIMITED,,,
21314,DYNPRO,DYNEMIC PRODUCTS LIMITED,,,
544677,DEFRAIL,Defrail Technologies Limited,,,
544387,DESCO,Desco Infratech Limited,,,
8937,E2E,E2E NETWORKS LIMITED,,,
15179,ECLERX,ECLERX SERVICES LTD,,,
530643,ECORECO,ECO RECYCLING LTD.,,,
523732,ECOBOAR,ECOBOARD INDUSTRIES LTD.,,,
25258,EBANKNIFTY,EDELAMC - EBANKNIFTY,,,
16253,EBBETF0430,EDELAMC - EBBETF0430,,,
19933,EGOLD,EDELAMC - EGOLD,,,
759466,ELIQUID,EDELAMC - ELIQUID,,,
20257,ESILVER,EDELAMC - ESILVER,,,
15119,EDELWEISS,EDELWEISS FIN SERV LTD,,,
758675,EFCIL,EFC (I) LIMITED,,,
910,EICHERMOT,EICHER MOTORS LTD,,,
916,EIDPARRY,EID PARRY INDIA LTD,,,
919,EIHOTEL,EIH LIMITED,,,
540204,EIKO,EIKO LIFESCIENCES LIMITED,,,
4040,EIMCOELECO,EIMCO ELECON (INDIA) LTD,,,
543284,EKI,EKI Energy Services Limited,,,
13643,ELECON,ELECON ENG. CO. LTD,,,
11530,EMIL,ELECTRONICS MART IND LTD,,,
928,ELECTCAST,ELECTROSTEEL CASTINGS LTD,,,
4469,ELECTHERM,ELECTROTHERM (I) LTD.,,,
937,ELGIEQUIP,ELGI EQUIPMENTS LTD,,,
13423,ELIN,ELIN ELECTRONICS LIMITED,,,
758563,ELLEN,ELLENBARRIE INDUS GASES L,,,
4471,ELPROINTL,ELPRO INTERNATIONAL LTD,,,
13517,EMAMILTD,EMAMI LIMITED,,,
14450,EMBDL,EMBASSY DEVELOPMENTS LTD,,,
24398,EMCURE,EMCURE PHARMACEUTICALS L,,,
544747,EMIAC,EMIAC TECHNOLOGIES LIMITED,,,
13421,EMKAY,EMKAY GLOBAL FIN SERV LTD,,,
18142,EMMBI,EMMBI INDUSTRIES LIMITED,,,
544166,EMMFORCE,EMMFORCE AUTOTECH LIMITED,,,
759728,EMMVEE,EMMVEE PHOTOVOLTAIC PWR L,,,
18593,EMSLIMITED,EMS LIMITED,,,
9756,EMUDHRA,EMUDHRA LIMITED,,,
18822,ENDURANCE,ENDURANCE TECHNO. LTD.,,,
4907,ENGINERSIN,ENGINEERS INDIA LTD,,,
22717,ENTERO,ENTERO HEALTHCARE SOLU L,,,
27213,EIEL,ENVIRO INFRA ENGINEERS L,,,
22463,EPACK,EPACK DURABLE LIMITED,,,
759251,EPACKPEB,EPACK PREFAB TECHN LTD,,,
5382,EPIGRAL,EPIGRAL LIMITED,,,
981,EPL,EPL LIMITED,,,
913,EQUITASBNK,EQUITAS SMALL FIN BNK LTD,,,
21154,ERIS,ERIS LIFESCIENCES LIMITED,,,
958,ESCORTS,ESCORTS KUBOTA LIMITED,,,
24265,ESTER,ESTER INDUSTRIES LTD,,,
5097,ETERNAL,ETERNAL LIMITED,,,
9750,ETHOSLTD,ETHOS LIMITED,,,
25162,EUREKAFORB,EUREKA FORBES LIMITED,,,
757953,EUROBOND,EURO PANEL PRODUCTS LTD,,,
759797,EUROPRATIK,EURO PRATIK SALES LIMITED,,,
542668,EVANS,EVANS ELECTRIC LIMITED,,,
11782,EVEREADY,EVEREADY INDS. IND.  LTD.,,,
993,EVERESTIND,EVEREST INDUSTRIES LTD,,,
13091,EKC,EVEREST KANTO CYLINDERLTD,,,
760007,EXCELSOFT,EXCELSOFT TECHNOLOGIES L,,,
22947,EXICOM,EXICOM TELE SYSTEMS LTD,,,
676,EXIDEIND,EXIDE INDUSTRIES LTD,,,
17486,EXPLEOSOL,EXPLEO SOLUTIONS LIMITED,,,
526614,EXPOEAPL,EXPO ENGINEERING AND PROJECTS,,,
531364,EKANSH,Ekansh Concepts Limited,,,
542602,EMBASSY,Embassy Office Parks REIT,,,
538882,EMERALD,Emerald Finance Limited,,,
542543,ENERGYINF,Energy Infrastructure Trust,,,
760125,FABTECH,FABTECH TECHNOLOGIES LTD,,,
1008,FACT,FACT LTD,,,
1614,FAIRCHEMOR,FAIRCHEM ORGANICS LIMITED,,,
12000,FAZE3Q,FAZE THREE LIMITED,,,
4898,FDC,FDC LIMITED,,,
20322,FEDFINA,FEDBANK FINANCIAL SER L,,,
1023,FEDERALBNK,FEDERAL BANK LTD,,,
1190,FMGOETZE,FEDERAL-MOGUL GOETZE (IND,,,
762680,FERMENTA,FERMENTA BIOTECH LTD.,,,
13710,FIEMIND,FIEM INDUSTRIES LIMITED,,,
24532,FILATEX,FILATEX INDIA LTD,,,
3744,FINEORG,FINE ORGANIC IND. LTD.,,,
759239,FINKURVE,FINKURVE FINANCIAL SERV L,,,
6579,FINOPB,FINO PAYMENTS BANK LTD,,,
1038,FINCABLES,FINOLEX CABLES LTD,,,
1041,FINPIPE,FINOLEX INDUSTRIES LTD,,,
14304,FSL,FIRSTSOURCE SOLU. LTD.,,,
12032,FIVESTAR,FIVE-STAR BUS FIN LTD,,,
20372,FLAIR,FLAIR WRITING INDUST LTD,,,
6836,FOCUS,FOCUS LIGHTG & FIXTRS LTD,,,
6673,FOODSIN,FOODS & INNS LIMITED,,,
11573,FORCEMOT,FORCE MOTORS LIMITED,,,
14592,FORTIS,FORTIS HEALTHCARE LTD,,,
760961,FRACTAL,FRACTAL ANALYTICS LIMITED,,,
6545,NYKAA,FSN E COMMERCE VENTURES,,,
759876,UTLSOLAR,FUJIYAMA POWER SYSTEMS L,,,
11932,FUSION,FUSION FINANCE LIMITED,,,
539098,FILTRA,Filtra Consultants and Enginee,,,
544186,TOTEM,Forbes Precision Tools and Mac,,,
541741,FRATELLI,Fratelli Vineyards Limited,,,
539730,FREDUN,Fredun Pharmaceuticals Limited,,,
1168,GMBREW,G M BREWERIES LTD,,,
5054,GRINFRA,G R INFRAPROJECTS LIMITED,,,
1085,GABRIEL,GABRIEL INDIA LTD,,,
4717,GAIL,GAIL (INDIA) LTD,,,
25134,GALAPREC,GALA PRECISION ENG LTD,,,
531911,GALAGEX,GALAXY AGRICO EXPORTS LTD.,,,
1315,GALAXYSURF,GALAXY SURFACTANTS LTD,,,
13337,GALLANTT,GALLANTT ISPAT LIMITED,,,
540097,GAMCO,GAMCO LIMITED,,,
20303,GANDHAR,GANDHAR OIL REFINE IND L,,,
5614,GANESHBE,GANESH BENZOPLAST LIMITED,,,
759012,GANESHCP,GANESH CONSUMER PRODUCT L,,,
14339,GANESHHOU,GANESH HOUSING LIMITED,,,
6944,GANECOS,GANESHA ECOSPHERE LIMITED,,,
5475,GRSE,GARDEN REACH SHIP&ENG LTD,,,
25800,GARUDA,GARUDA CONSTRUCT N ENG L,,,
7982,GRWRHITECH,GARWARE HI-TECH FILMS LTD,,,
1100,GARFIBRES,GARWARE TECH FIBRES LTD,,,
8510,GATEWAY,GATEWAY DISTRIPARKS LTD,,,
7862,GVPIL,GE POWER INDIA LIMITED,,,
16783,GVT&D,GE VERNOVA T&D INDIA LTD,,,
504028,GEE,GEE LTD.,,,
759461,GEMAROMA,GEM AROMATICS LIMITED,,,
277,GICRE,GENERAL INS CORP OF INDIA,,,
10905,GENESYS,GENESYS INTL CORPN LTD,,,
11905,GENUSPOWER,GENUS POWER INFRASTRU LTD,,,
11896,GEOJITFSL,GEOJIT FINANCIAL SER L,,,
1127,GHCL,GHCL LIMITED,,,
16696,GHCLTEXTIL,GHCL TEXTILES LIMITED,,,
505504,GHVINFRA,GHV INFRA PROJECTS LIMITED,,,
1139,GICHSGFIN,GIC HOUSING FINANCE LTD,,,
1576,GILLETTE,GILLETTE INDIA LTD,,,
759048,GKENERGY,GK ENERGY LIMITED,,,
1186,GLAND,GLAND PHARMA LIMITED,,,
1153,GLAXO,GLAXOSMITHKLINE PHARMA LT,,,
7406,GLENMARK,GLENMARK PHARMACEUTICALS,,,
1415,GLOBAL,GLOBAL EDUCATION LIMITED,,,
11956,MEDANTA,GLOBAL HEALTH LIMITED,,,
13735,GLOBALVECT,GLOBAL VEC HELICORP LTD,,,
17424,GLOBUSSPR,GLOBUS SPIRITS LTD,,,
23590,GLOSTERLTD,GLOSTER LIMITED,,,
1570,GMMPFAUDLR,GMM PFAUDLER LIMITED,,,
13528,GMRAIRPORT,GMR AIRPORTS LIMITED,,,
8529,GMRP&UI,GMR POW AND URBAN INFRA L,,,
18571,GNA,GNA AXLES LIMITED,,,
757862,EBGNG,GNG ELECTRONICS LIMITED,,,
23799,GODIGIT,GO DIGIT GENERAL INS LTD,,,
6964,GOCOLORS,GO FASHION INDIA LTD,,,
3963,GOCLCORP,GOCL CORPORATION LIMITED,,,
25941,GODAVARIB,GODAVARI BIOREFINERIES L,,,
13409,GPIL,GODAWARI POW & ISP LTD,,,
1181,GODFRYPHLP,GODFREY PHILLIPS INDIA LT,,,
144,GODREJAGRO,GODREJ AGROVET LIMITED,,,
10099,GODREJCP,GODREJ CONSUMER PRODUCTS,,,
10925,GODREJIND,GODREJ INDUSTRIES LTD,,,
17875,GODREJPROP,GODREJ PROPERTIES LTD,,,
11778,GOKEX,GOKALDAS EXPORTS LTD.,,,
14480,GOKULAGRO,GOKUL AGRO RESOURCES LTD,,,
11971,GOLDIAM,GOLDIAM INTERNATIONAL LTD,,,
6125,GOODLUCK,GOODLUCK INDIA LIMITED,,,
500166,GOODRICKE,GOODRICKE GROUP LTD.,,,
23066,GOPAL,GOPAL SNACKS LIMITED,,,
22846,GPTHEALTH,GPT HEALTHCARE LIMITED,,,
17685,GPTINFRA,GPT INFRAPROJECTS LTD,,,
11872,GRANULES,GRANULES INDIA LIMITED,,,
592,GRAPHITE,GRAPHITE INDIA LTD,,,
1232,GRASIM,GRASIM INDUSTRIES LTD,,,
5200,GRAUWEIL,GRAUER & WEIL IND LTD,,,
20534,GRAVITA,GRAVITA INDIA LIMITED,,,
1235,GREAVESCOT,GREAVES COTTON LTD.,,,
6848,GREENLAM,GREENLAM INDUSTRIES LTD.,,,
13810,GREENPANEL,GREENPANEL INDUSTRIES LTD,,,
3987,GREENPLY,GREENPLY INDUSTRIES LTD,,,
758986,GCSL,GRETEX CORPORATE SERVICES,,,
13560,GRINDWELL,GRINDWELL NORTON LIMITED,,,
10871,GRMOVER,GRM OVERSEAS LIMITED,,,
25758,GROWWDEFNC,GROWWAMC - GROWWDEFNC,,,
760874,GROWWHOSPI,GROWWAMC - GROWWHOSPI,,,
25447,GROWWLIQID,GROWWAMC - GROWWLIQID,,,
761514,GROWWPSUBK,GROWWAMC - GROWWPSUBK,,,
762239,GSPCROP,GSP CROP SCIENCE LIMITED,,,
21195,GTPL,GTPL HATHWAY LIMITED,,,
539479,GTV,GTV Engineering Limited,,,
11606,GUFICBIO,GUFIC BIOSCIENCES LTD.,,,
1145,GIPCL,GUJ IND POW CO. LTD,,,
1174,GNFC,GUJ NAR VAL FER & CHEM L,,,
1247,GSFC,GUJ STATE FERT & CHEM LTD,,,
1267,GUJALKALI,GUJARAT ALKALIES & CHEM,,,
8828,GAEL,GUJARAT AMBUJA EXPORTS LT,,,
13750,FLUOROCHEM,GUJARAT FLUOROCHEM LTD,,,
10599,GUJGASLTD,GUJARAT GAS LIMITED,,,
524238,GUJINJEC,GUJARAT INJECT (KERALA) LTD.,,,
517372,GUJINTRX,GUJARAT INTRUX LTD.,,,
761197,GKSL,GUJARAT KIDNEY N SUP SP L,,,
5204,GMDCLTD,GUJARAT MINERAL DEV CORP,,,
762690,GNRL,GUJARAT NATURAL RES L,,,
544548,GPAPL,GUJARAT PEANUT AND AGRI PRODUC,,,
506858,GUJPETR,GUJARAT PETROSYNTHESE LTD.,,,
19731,GPPL,GUJARAT PIPAVAV PORT LTD,,,
29731,GUJTHEM,GUJARAT THEMIS BIOSYN LTD,,,
532070,GUJJUBHAI,GUJJUBHAI INDUSTRIES LIMITED,,,
4391,GULFOILLUB,GULF OIL LUB. IND. LTD.,,,
6286,GULPOLY,GULSHAN POLYOLS LIMITED,,,
507912,GYFTR,GYFTR LIMITED,,,
544709,GAUDIUMIVF,Gaudium IVF and Women Health L,,,
544444,GLEN,Glen Industries Limited,,,
1672,HGINFRA,H.G.INFRA ENGINEERING LTD,,,
544349,HMEML,H.M. ELECTRO MECH LIMITED,,,
760715,HALDER,HALDER VENTURE LIMITED,,,
48,HAPPSTMNDS,HAPPIEST MINDS TECHNO LTD,,,
20854,HAPPYFORGE,HAPPY FORGINGS LIMITED,,,
544769,HARIKANTA,HARIKANTA OVERSEAS LIMITED,,,
8968,HARIOMPIPE,HARIOM PIPE INDUSTRIES L,,,
1313,HARRMALAYA,HARRISON MALAYALAM LTD,,,
11162,HARSHA,HARSHA ENGINEERS INT LTD,,,
3892,HATSUN,HATSUN AGRO PRODUCT LTD.,,,
9819,HAVELLS,HAVELLS INDIA LIMITED,,,
13966,HBLENGINE,HBL ENGINEERING LTD,,,
7229,HCLTECH,HCL TECHNOLOGIES LTD,,,
757772,HDBFS,HDB FINANCIAL SERVICES L,,,
4244,HDFCAMC,HDFC AMC LIMITED,,,
1333,HDFCBANK,HDFC BANK LTD,,,
19543,HDFCGOLD,HDFC GOLD ETF,,,
467,HDFCLIFE,HDFC LIFE INS CO LTD,,,
11241,HDFCGROWTH,HDFCAMC - HDFCGROWTH,,,
18279,HDFCLIQUID,HDFCAMC - HDFCLIQUID,,,
10619,HDFCNEXT50,HDFCAMC - HDFCNEXT50,,,
22433,HDFCNIFBAN,HDFCAMC - HDFCNIFBAN,,,
11591,HDFCNIFTY,HDFCAMC - HDFCNIFTY,,,
11255,HDFCQUAL,HDFCAMC - HDFCQUAL,,,
11593,HDFCSENSEX,HDFCAMC - HDFCSENSEX,,,
10876,HDFCSILVER,HDFCAMC - HDFCSILVER,,,
14233,HDFCSML250,HDFCAMC - HDFCSML250,,,
11260,HDFCVALUE,HDFCAMC - HDFCVALUE,,,
22595,HDFCPSUBK,HDFCAMC HDFCPSUBK,,,
20063,HEALTHX,HEALTH X PLATFORM LIMITED,,,
15555,HCG,HEALTHCARE GLOB. ENT. LTD,,,
7425,HECPROJECT,HEC INFRA PROJECTS LTD,,,
1336,HEG,HEG LTD,,,
2316,HEIDELBERG,HEIDELBERGCEMENT (I) LTD,,,
701,HEMIPROP,HEMISPHERE PROP IND LTD,,,
2614,HERANBA,HERANBA INDUSTRIES LTD,,,
4598,HERITGFOOD,HERITAGE FOODS LTD,,,
1348,HEROMOTOCO,HERO MOTOCORP LIMITED,,,
7048,HESTERBIO,HESTER BIOSCIENCES LTD,,,
29666,HEXT,HEXAWARE TECHNOLOGIES LTD,,,
21951,HFCL,HFCL LIMITED,,,
2868,HITECH,HI-TECH PIPES LIMITED,,,
9668,HIKAL,HIKAL LIMITED,,,
539697,HILIKS,HILIKS TECHNOLOGIES LIMITED,,,
505712,HIMTEK,HIM TEKNOFORGE LIMITED,,,
14334,HSCL,HIMADRI SPECIALITY CHEM L,,,
1360,HIMATSEIDE,HIMATSINGKA SEIDE LTD,,,
13890,HIRECT,HIND RECTIFIER LIMITED,,,
1363,HINDALCO,HINDALCO  INDUSTRIES  LTD,,,
14712,HGS,HINDUJA GLOBAL SOLS. LTD.,,,
2303,HAL,HINDUSTAN AERONAUTICS LTD,,,
17939,HINDCOPPER,HINDUSTAN COPPER LTD,,,
12173,HNDFDS,HINDUSTAN FOODS LIMITED,,,
19211,HMVL,HINDUSTAN MEDIA VENT LTD,,,
1403,HINDOILEXP,HINDUSTAN OIL EXPLORATION,,,
1406,HINDPETRO,HINDUSTAN PETROLEUM CORP,,,
1394,HINDUNILVR,HINDUSTAN UNILEVER LTD.,,,
1424,HINDZINC,HINDUSTAN ZINC LIMITED,,,
15883,HINDWAREAP,HINDWARE HME INOVATON LTD,,,
18457,POWERINDIA,HITACHI ENERGY INDIA LTD,,,
2289,HLEGLAS,HLE GLASCOAT LIMITED,,,
500191,HMT,HMT LTD.,,,
2056,HOMEFIRST,HOME FIRST FIN CO IND LTD,,,
19813,HONASA,HONASA CONSUMER LIMITED,,,
544794,HORIZON,HORIZON RECLAIM (INDIA) LIMITE,,,
18679,HPL,HPL ELECTRIC & POWER LTD,,,
544656,HRS,HRS ALUGLAZE LIMITED,,,
20825,HUDCO,HSG & URBAN DEV CORPN LTD,,,
14203,HUBTOWN,HUBTOWN LIMITED,,,
2562,HUHTAMAKI,HUHTAMAKI INDIA LIMITED,,,
539724,HYPERSOFT,HYPERSOFT TECHNOLOGIES LIMITED,,,
25844,HYUNDAI,HYUNDAI MOTOR INDIA LTD,,,
544785,HEXAGON,Hexagon Nutrition Limited,,,
544741,HIGHNESS,Highness Microelectronics Limi,,,
14086,IGPL,I G PETROCHEMICALS LTD,,,
489,ICEMAKE,ICE MAKE REFRIGERAT LTD,,,
4963,ICICIBANK,ICICI BANK LTD.,,,
21770,ICICIGI,ICICI LOMBARD GIC LIMITED,,,
18652,ICICIPRULI,ICICI PRU LIFE INS CO LTD,,,
29553,NIFTYIETF,ICICI PRUD NIFTY ETF,,,
4378,SENSEXIETF,ICICI PRUD SENSEX ETF,,,
760407,ICICIAMC,ICICI PRUDENTIAL AMC LTD,,,
19679,GOLDIETF,ICICI PRUDENTIAL GOLD ETF,,,
522,ICICIB22,ICICIPRAMC - BHARATIWIN,,,
30139,CASHIETF,ICICIPRAMC - CASHIETF,,,
13198,COMMOIETF,ICICIPRAMC - ICICICOMMO,,,
6446,CONSUMIETF,ICICIPRAMC - ICICICONSU,,,
5306,FMCGIETF,ICICIPRAMC - ICICIFMCG,,,
10723,INFRAIETF,ICICIPRAMC - ICICIINFRA,,,
4838,LIQUIDIETF,ICICIPRAMC - ICICILIQ,,,
4529,NEXT50IETF,ICICIPRAMC - ICICINXT50,,,
3626,HEALTHIETF,ICICIPRAMC - ICICIPHARM,,,
7942,SILVERIETF,ICICIPRAMC - ICICISILVE,,,
11037,BANKIETF,ICICIPRAMC - IPRU5008,,,
14584,PSUBNKIETF,ICICIPRAMC - PSUBANKICI,,,
14523,ICRA,ICRA LIMITED,,,
1476,IDBI,IDBI BANK LIMITED,,,
543932,IDEAFORGE,IDEAFORGE TECHNOLOGY LIMITED,,,
11184,IDFCFIRSTB,IDFC FIRST BANK LIMITED,,,
1485,IFBIND,IFB INDUSTRIES LTD,,,
1491,IFCI,IFCI LTD,,,
436,IFGLEXPOR,IFGL REFRACTORIES LIMITED,,,
634,IGARASHI,IGARASHI MOTORS INDIA LTD,,,
13072,IIFLCAPS,IIFL CAPITAL SERVICES LTD,,,
11809,IIFL,IIFL FINANCE LIMITED,,,
526530,IIRM,IIRM HOLDINGS INDIA LIMITED,,,
16822,IKIO,IKIO TECHNOLOGIES LIMITED,,,
531997,IKOMA,IKOMA TECHNOLOGIES LIMITED,,,
517370,INCAP,INCAP LTD.,,,
4870,INDSWFTLAB,IND SWIFT LABORATORIES LT,,,
509162,INDAG,INDAG RUBBER LTD.,,,
29678,BAJAJINDEF,INDEF MANUFACTURING LTD,,,
23693,INDGN,INDEGENE LIMITED,,,
1521,INDIAGLYCO,INDIA GLYCOLS LTD,,,
4747,INDNIPPON,INDIA NIPPON ELECT  LTD,,,
4934,IPL,INDIA PESTICIDES LIMITED,,,
20556,INDIASHLTR,INDIA SHELTER FIN CORP L,,,
19299,ITDC,INDIA TOUR. DEV. CO. LTD.,,,
10726,INDIAMART,INDIAMART INTERMESH LTD,,,
14309,INDIANB,INDIAN BANK,,,
220,IEX,INDIAN ENERGY EXC LTD,,,
1530,INDIANHUME,INDIAN HUME PIPE CO. LTD.,,,
19235,IMFA,INDIAN METALS & FERRO,,,
1624,IOC,INDIAN OIL CORP LTD,,,
13611,IRCTC,INDIAN RAIL TOUR CORP LTD,,,
2029,IRFC,INDIAN RAILWAY FIN CORP L,,,
20261,IREDA,INDIAN RENEWABLE ENERGY,,,
500319,INDSUCR,INDIAN SUCROSE LTD.,,,
523586,INDTONER,INDIAN TONERS & DEVELOPERS LTD,,,
2048,INDIGOPNTS,INDIGO PAINTS LIMITED,,,
757845,INDIQUBE,INDIQUBE SPACES LIMITED,,,
9116,INDOAMIN,INDO AMINES LIMITED,,,
8614,INDOBORAX,INDO BORAX & CHEMICAL LTD,,,
11987,ICIL,INDO COUNT INDUSTRIES LTD,,,
29025,INDOFARM,INDO FARM EQUIPMENT LTD,,,
544681,INDOSMC,INDO SMC Limited,,,
25608,INDOTHAI,INDO THAI SEC LTD,,,
11677,INDOCO,INDOCO REMEDIES LTD.,,,
757801,IGCL,INDOGULF CROPSCIENCES LTD,,,
19955,WAAREEINDO,INDOSOLAR LIMITED,,,
3088,INDOSTAR,INDOSTAR CAPITAL FIN LTD,,,
11262,IGL,INDRAPRASTHA GAS LTD,,,
4751,INDRAMEDCO,INDRAPRASTHA MEDICAL CORP,,,
29135,INDUSTOWER,INDUS TOWERS LIMITED,,,
5258,INDUSINDBK,INDUSIND BANK LIMITED,,,
19525,IITL,INDUSTRIAL INV TRUST LTD,,,
13751,NAUKRI,INFO EDGE (I) LTD,,,
11027,INFOBEAN,INFOBEANS TECHNO. LTD.,,,
1594,INFY,INFOSYS LIMITED,,,
1597,INGERRAND,INGERSOLL-RAND INDIA LTD,,,
21062,INNOVACAP,INNOVA CAPTAB LIMITED,,,
27754,INNOVANA,INNOVANA THINKLABS LTD,,,
761528,INNOVISION,INNOVISION LIMITED,,,
12188,INOXGREEN,INOX GREEN ENERGY SER LTD,,,
20607,INOXINDIA,INOX INDIA LIMITED,,,
7852,INOXWIND,INOX WIND LIMITED,,,
14657,INSECTICID,INSECTICIDES (I) LTD,,,
761099,INA,INSOLATION ENERGY LIMITED,,,
505358,INTEGRAEN,INTEGRA ENGINEERING INDIA LTD.,,,
5926,INTELLECT,INTELLECT DESIGN ARENA,,,
20071,INTENTECH,INTENSE TECHNOLOGIES LTD,,,
24909,INTERARCH,INTERARCH BLDNG SOLTN LTD,,,
11195,INDIGO,INTERGLOBE AVIATION LTD,,,
5606,INTLCONV,INTL CONVEYORS LIMITED,,,
28378,IGIL,INTL GEMOLOGICAL INST LTD,,,
28125,IKS,INVENTURUS KNOWLEDGE SO L,,,
18292,IVZINGOLD,INVESCO INDIA GOLD ETF,,,
762722,INVPRECQ,INVESTMENT & PREC CAST L,,,
20413,IOLCP,IOL CHEM AND PHARMA LTD,,,
1630,IONEXCHANG,ION EXCHANGE (INDIA) LTD,,,
1633,IPCALAB,IPCA LABORATORIES LTD,,,
540526,IRBINVIT,IRB InvIT Fund,,,
4986,IRCON,IRCON INTERNATIONAL LTD,,,
6489,IRIS,IRIS REGTECH SOLUTION LTD,,,
19597,IRMENERGY,IRM ENERGY LIMITED,,,
3329,ISGEC,ISGEC HEAVY ENG LTD,,,
30249,ISHANCH,ISHAN DYES N CHEMICALS L,,,
524400,ISHITADR,ISHITA DRUGS & INDUSTRIES LTD.,,,
29251,ITCHOTELS,ITC HOTELS LIMITED,,,
1660,ITC,ITC LTD,,,
543806,ITCONS,ITCONS E-Solutions Limited,,,
1675,ITI,ITI LTD,,,
759041,IVALUE,IVALUE INFOSOLUTIONS LTD,,,
1681,IVP,IVP LTD,,,
14174,IZMO,IZMO LIMITED,,,
544426,ICON,Icon Facilitators Limited,,,
540565,INDIGRID,IndiGrid Infrastructure Trust,,,
541353,INNOVATORS,Innovators Facade Systems Limi,,,
5633,J&KBANK,J & K BANK LTD.,,,
1726,JBCHEPHARM,J B CHEMICALS AND PHARMA,,,
23056,JGCHEM,J.G.CHEMICALS LIMITED,,,
507155,JAGAJITIND,JAGATJIT INDUSTRIES LTD.,,,
13211,JAGRAN,JAGRAN PRAKASHAN LIMITED,,,
4410,JAGSNPHARM,JAGSONPAL PHARMACEUTICALS,,,
532976,JAIBALAJI,JAI BALAJI INDUSTRIES LTD.,,,
5143,JAICORPLTD,JAI CORP LIMITED,,,
759244,JAINREC,JAIN RESOURCE RECYCLING L,,,
20778,JAMNAAUTO,JAMNA AUTO IND LTD,,,
22663,JSFB,JANA SMALL FIN BANK LTD,,,
759951,JARO,JARO INS OF TEC MG N RE L,,,
500220,JASCH,JASCH INDUSTRIES LTD.,,,
13982,JASH,JASH ENGINEERING LIMITED,,,
1708,JAYBARMARU,JAY BHARAT MARUTI LTD,,,
4041,JAYAGROGN,JAYANT AGRO ORGANICS LTD,,,
543544,JAYANT,JAYANT INFRATECH LIMITED,,,
2331,JAYNECOIND,JAYASWAL NECO INDUSTR LTD,,,
760073,JAYKAY,JAYKAY ENTERPRISES LTD,,,
1720,JAYSREETEA,JAYSHREE TEA & INDUSTRIES,,,
11655,JBMA,JBM AUTO LIMITED,,,
544524,JDCABLES,JD CABLES LIMITED,,,
758115,JSLL,JEENA SIKHO LIFECARE LTD,,,
13875,JINDRILL,JINDAL DRILLING IND. LTD,,,
1756,JINDALPOLY,JINDAL POLY FILMS LIMITED,,,
3024,JINDALSAW,JINDAL SAW LIMITED,,,
11236,JSL,JINDAL STAINLESS LIMITED,,,
6733,JINDALSTEL,JINDAL STEEL LIMITED,,,
18143,JIOFIN,JIO FIN SERVICES LTD,,,
19691,JITFINFRA,JITF INFRALOGISTICS LTD,,,
13270,JKCEMENT,JK CEMENT LIMITED,,,
13491,JKLAKSHMI,JK LAKSHMI CEMENT LTD,,,
11860,JKPAPER,JK PAPER LIMITED,,,
14435,JKTYRE,JK TYRE & INDUSTRIES LTD,,,
15266,JKIL,JKUMAR INFR.LTD.,,,
13637,JMFINANCIL,JM FINANCIAL LIMITED,,,
23621,JNKINDIA,JNK INDIA LIMITED,,,
758460,JSWCEMENT,JSW CEMENT LIMITED,,,
1467,JSWDULUX,JSW DULUX LIMITED,,,
17869,JSWENERGY,JSW ENERGY LIMITED,,,
19020,JSWINFRA,JSW INFRASTRUCTURE LTD,,,
11723,JSWSTEEL,JSW STEEL LIMITED,,,
3237,JTEKTINDIA,JTEKT INDIA LIMITED,,,
7287,JTLIND,JTL INDUSTRIES LIMITED,,,
18096,JUBLFOOD,JUBILANT FOODWORKS LTD,,,
2783,JUBLINGREA,JUBILANT INGREVIA LIMITED,,,
3637,JUBLPHARMA,JUBILANT PHARMOVA LTD,,,
22824,JUNIPER,JUNIPER HOTELS LIMITED,,,
18553,JLHL,JUPITER LIFE LINE HOSP L,,,
20224,JWL,JUPITER WAGONS LIMITED,,,
29962,JUSTDIAL,JUSTDIAL LTD.,,,
15146,JYOTHYLAB,JYOTHY LABS LIMITED,,,
21334,JYOTICNC,JYOTI CNC AUTOMATION LTD,,,
504076,JYOTI,JYOTI LTD.,,,
27079,KPEL,K.P. ENERGY LIMITED,,,
1805,KABRAEXTRU,KABRA EXTRUSION TECHNIK L,,,
1808,KAJARIACER,KAJARIA CERAMICS LTD,,,
758558,KALPATARU,KALPATARU LIMITED,,,
1814,KPIL,KALPATARU PROJECT INT LTD,,,
2955,KALYANKJIL,KALYAN JEWELLERS IND LTD,,,
18889,KSL,KALYANI STEELS LIMITED,,,
1826,KAMATHOTEL,KAMAT HOTELS (I) LTD,,,
513456,KANSHST,KANISHK STEEL INDUSTRIES LTD.,,,
506525,KANORICHEM,KANORIA CHEMICALS & INDUSTRIES,,,
1782,KANPRPLA,KANPUR PLASTIPACK LIMITED,,,
1196,KANSAINER,KANSAI NEROLAC PAINTS LTD,,,
18967,KAPSTON,KAPSTON SERVICES LIMITED,,,
8054,KTKBANK,KARNATAKA BANK LIMITED,,,
1838,KARURVYSYA,KARUR VYSYA BANK LTD,,,
14972,KSCL,KAVERI SEED CO. LTD.,,,
15244,KAVDEFENCE,KAVVERI DFS & WIR TEC LTD,,,
12092,KAYNES,KAYNES TECHNOLOGY IND LTD,,,
1841,KCP,KCP LTD,,,
14908,KDDL,KDDL LIMITED,,,
13260,KEC,KEC INTL. LIMITED,,,
13310,KEI,KEI INDUSTRIES LTD.,,,
13121,KERNEX,KERNEX MICROSYS(I) LTD,,,
543542,KESAR,KESAR INDIA LIMITED,,,
13381,KKCL,KEWAL KIRAN CLOTHING LTD,,,
12219,RUSTOMJEE,KEYSTONE REALTORS LIMITED,,,
13359,KFINTECH,KFIN TECHNOLOGIES LIMITED,,,
762747,KLBRENG-B,KILBURN ENGINEERING LTD.,,,
19937,KILITCH,KILITCH DRUGS INDIA LTD,,,
500240,KINETICENG,KINETIC ENGINEERING LTD.,,,
530215,KINGSINFR,KINGS INFRA VENTURES LIMITED,,,
19126,KIOCL,KIOCL LIMITED,,,
16639,KIRIINDUS,KIRI INDUSTRIES LIMITED,,,
18581,KIRLOSBROS,KIRLOSKAR BROTHERS LTD,,,
14466,KIRLFER,KIRLOSKAR FERROUS IND LTD,,,
19025,KIRLOSIND,KIRLOSKAR INDUSTRIES LTD,,,
20936,KIRLOSENG,KIRLOSKAR OIL ENG LTD,,,
15180,KIRLPNU,KIRLOSKAR PNEUMATIC COM L,,,
28899,KITEX,KITEX GARMENTS LTD,,,
532304,KJMCCORP,KJMC CORPORATE ADVISORS (INDIA,,,
524520,KMCSHIL,KMC SPECIALITY HOSPITALS (INDI,,,
27084,KMEW,KNOWLEDGE MARINE & EN W L,,,
544481,KRT,KNOWLEDGE REALTY TRUST,,,
15283,KNRCON,KNR CONSTRU LTD.,,,
16827,KOKUYOCMLN,KOKUYO CAMLIN LIMITED,,,
15124,KOLTEPATIL,KOLTE PATIL DEV. LTD.,,,
524280,KOPRAN,KOPRAN LTD.,,,
14858,GOLD1,KOTAK GOLD ETF,,,
1922,KOTAKBANK,KOTAK MAHINDRA BANK LTD,,,
18102,NIFTY1,KOTAK NIFTY ETF,,,
15061,PSUBANK,KOTAK PSU BANK,,,
7412,ALPHA,KOTAKMAMC - KOTAKALPHA,,,
13950,LIQUID1,KOTAKMAMC - KOTAKLIQ,,,
760709,NEXT50ETF,KOTAKMAMC - NEXT50ETF,,,
5851,BANKNIFTY1,KOTAKMAMC-KOTAKBKETF,,,
4594,KOTHARIPET,KOTHARI PETROCHEM LTD,,,
544150,KPGEL,KP GREEN ENGINEERING LIMITED,,,
5108,KPIGREEN,KPI GREEN ENERGY LIMITED,,,
9683,KPITTECH,KPIT TECHNOLOGIES LIMITED,,,
14912,KPRMILL,KPR MILL LTD.,,,
10577,KRBL,KRBL LIMITED,,,
530139,KREONFIN,KREON FINNANCIAL SERVICES LTD.,,,
12847,KRISHANA,KRISHANA PHOSCHEM LIMITED,,,
513369,KVFORGE,KRISHANVEER FORGE LIMITED,,,
761192,KRISHNADEF,KRISHNA DEF AND ALD IND L,,,
4847,KIMS,KRISHNA INST OF MED SCI L,,,
24025,KRONOX,KRONOX LAB SCIENCES LTD,,,
25252,KROSS,KROSS LIMITED,,,
5359,KRSNAA,KRSNAA DIAGNOSTICS LTD,,,
1949,KSB,KSB LIMITED,,,
760433,KSHINTL,KSH INTERNATIONAL LIMITED,,,
11060,KSOLVES,KSOLVES INDIA LIMITED,,,
13870,KUANTUM,KUANTUM PAPERS LIMITED,,,
544554,KVSCASTING,KVS Castings Limited,,,
762757,KPL,KWALITY PHARMACEUTICALS L,,,
543939,KAKA,Kaka Industries Limited,,,
526935,KALIND,Kalind Limited,,,
544023,KALYANI,Kalyani Cast-Tech Limited,,,
543953,KHAZANCHI,Khazanchi Jewellers Limited,,,
24948,LTF,L&T FINANCE LIMITED,,,
18564,LTTS,L&T TECHNOLOGY SER. LTD.,,,
544518,LTELEVATOR,L. T. ELEVATOR LIMITED,,,
14423,LAOPALA,LA OPALA RG LIMITED,,,
6407,LAMBODHARA,LAMBODHARA TEXTILES LTD.,,,
13276,LANDMARK,LANDMARK CARS LIMITED,,,
11483,LT,LARSEN & TOUBRO LTD.,,,
6818,LATENTVIEW,LATENT VIEW ANALYTICS LTD,,,
19234,LAURUSLABS,LAURUS LABS LIMITED,,,
29171,LAXMIDENTL,LAXMI DENTAL LIMITED,,,
19876,LGHL,LAXMI GOLDORNA HOUSE LTD,,,
2841,LXCHEM,LAXMI ORGANIC INDUS LTD,,,
537669,LAXMIPATI,LAXMIPATI ENGINEERING WORKS LI,,,
24067,IXIGO,LE TRAVENUES TECHNOLOGY L,,,
757014,THELEELA,LEELA PALACES HOTEL LTD,,,
532829,LEHAR,LEHAR FOOTWEARS LIMITED,,,
2606,LEMONTREE,LEMON TREE HOTELS LTD,,,
759605,LENSKART,LENSKART SOLUTIONS LTD,,,
18321,LGBBROSLTD,LG BALAKRISHNAN & BROS,,,
760213,LGEINDIA,LG ELECTRONICS INDIA LTD,,,
1994,LIBERTSHOE,LIBERTY SHOES LTD,,,
1997,LICHSGFIN,LIC HOUSING FINANCE LTD,,,
25640,LICMFGOLD,LIC MF - LIC GOLD ETF,,,
9480,LICI,LIFE INSURA CORP OF INDIA,,,
6951,LINC,LINC LIMITED,,,
11596,LINCOLN,LINCOLN PHARMA LTD,,,
1627,LINDEINDIA,LINDE INDIA LIMITED,,,
526604,LIPPISYS,LIPPI SYSTEMS LTD.,,,
17801,LLOYDSENGG,LLOYDS ENGG WORK LIMITED,,,
25807,LLOYDSENT,LLOYDS ENTERPRISES LTD,,,
17313,LLOYDSME,LLOYDS METALS N ENERGY L,,,
500252,LMW,LMW Limited,,,
3220,LODHA,LODHA DEVELOPERS LIMITED,,,
523475,LOTUSCHO,LOTUS CHOCOLATE CO.LTD.,,,
22415,LOVABLE,LOVABLE LINGERIE LTD,,,
13816,LTFOODS,LT FOODS LIMITED,,,
17818,LTM,LTM LIMITED,,,
14014,LUMAXTECH,LUMAX AUTO TECH LTD,,,
2018,LUMAXIND,LUMAX INDUSTRIES LTD,,,
10440,LUPIN,LUPIN LIMITED,,,
11301,LUXIND,LUX INDUSTRIES LIMITED,,,
2028,LYKALABS,LYKA LABS LTD,,,
758150,MBEL,M AND B ENGINEERING LTD,,,
22360,MCL,M TEK COPPER LIMITED,,,
13285,M&MFIN,M&M FIN. SERVICES LTD,,,
538890,MKEXIM,M. K. Exim (India) Ltd.,,,
15017,MAANALU,MAAN ALUMINIUM LIMITED,,,
22347,MACPOWER,MACPOWER CNC MACHINES LTD,,,
12686,MBAPL,MADHYA BHARAT AGRO P. LTD,,,
4911,MADRASFERT,MADRAS FERTILISERS LTD,,,
762772,MAFATIND,MAFATLAL INDUSTRIES LTD.,,,
517320,MAGNUS,MAGNUS STEEL AND INFRA LIMITED,,,
7886,MHLXMIRU,MAHALAXMI RUBTECH LIMITED,,,
544611,MAHALIFE,MAHAMAYA LIFESCIENCES LIMITED,,,
17534,MGL,MAHANAGAR GAS LTD.,,,
2088,MAHSEAMLES,MAHARASHTRA SEAMLESS LTD,,,
2031,M&M,MAHINDRA & MAHINDRA LTD,,,
17603,MAHEPC,MAHINDRA EPC IRRIG LTD,,,
17333,MHRIL,MAHINDRA HOLIDAYS LTD,,,
8050,MAHLIFE,MAHINDRA LIFESPACE DEVLTD,,,
385,MAHLOG,MAHINDRA LOGISTIC LIMITED,,,
24538,MAITHANALL,MAITHAN ALLOYS LTD,,,
544351,MALPANI,MALPANI PIPES AND FITTINGS LIM,,,
28687,MAMATA,MAMATA MACHINERY LIMITED,,,
7413,MANAKCOAT,MAN COAT METAL & IND LTD,,,
11884,MANINDS,MAN INDUSTRIES (I) LTD.,,,
18226,MANINFRA,MAN INFRA LTD,,,
15199,MANAKSIA,MANAKSIA LTD.,,,
13796,MANALIPETC,MANALI PETROCHEMICALS LT,,,
19061,MANAPPURAM,MANAPPURAM FINANCE LTD,,,
25597,MANBA,MANBA FINANCE LIMITED,,,
24823,MANCREDIT,MANGAL CREDIT N FINCORP L,,,
2106,MANGLMCEM,MANGALAM CEMENT LTD,,,
759169,MWL,MANGALAM WORLDWIDE LTD,,,
15380,MANKIND,MANKIND PHARMA LIMITED,,,
19015,MVGJL,MANOJ VAIBHAV GEM N JEW L,,,
13753,MANOMAY,MANOMAY TEX INDIA LTD,,,
10227,MANORAMA,MANORAMA INDUSTRIES LTD,,,
18659,MARATHON,MARATHON NXTGEN REALT LTD,,,
531281,MARBLE,MARBLE CITY INDIA LIMITED,,,
4067,MARICO,MARICO LIMITED,,,
1328,MARINE,MARINE ELECTRICAL (I) LTD,,,
760204,MARKOLINES,MARKOLINES PAVEMENT TEC L,,,
10579,MARKSANS,MARKSANS PHARMA LIMITED,,,
761386,MARSONS,MARSONS LIMITED,,,
10999,MARUTI,MARUTI SUZUKI INDIA LTD.,,,
199,MASFIN,MAS FINANCIAL SERV LTD,,,
2124,MASTEK,MASTEK LTD,,,
27047,MASTERTR,MASTER TRUST LIMITED,,,
21726,MATRIMONY,MATRIMONY.COM LIMITED,,,
19646,MAXESTATES,MAX ESTATES LIMITED,,,
2142,MFSL,MAX FINANCIAL SERV LTD,,,
22377,MAXHEALTH,MAX HEALTHCARE INS LTD,,,
22428,MAXIND,MAX INDIA LIMITED,,,
28906,MAYURUNIQ,MAYUR UNIQUOTERS LTD,,,
509,MAZDOCK,MAZAGON DOCK SHIPBUIL LTD,,,
18866,MAZDA,MAZDA LIMITED,,,
21705,MEDIASSIST,MEDI ASSIST HEALTH SER L,,,
6278,MEDICAMEQ,MEDICAMEN BIOTECH LIMITED,,,
7254,MEDPLUS,MEDPLUS HEALTH SERV LTD,,,
760229,MEESHO,MEESHO LIMITED,,,
8153,MEGASTAR,MEGASTAR FOODS LIMITED,,,
6961,MENONBE,MENON BEARINGS LIMITED,,,
762787,MENNPIS,MENON PISTONS LTD.,,,
544441,METAINFO,META INFOTECH LIMITED,,,
7242,METROBRAND,METRO BRANDS LIMITED,,,
9581,METROPOLIS,METROPOLIS HEALTHCARE LTD,,,
759517,MIDWESTLTD,MIDWEST LIMITED,,,
507621,MLKFOOD,MILKFOOD LTD.,,,
25897,MINDACORP,MINDA CORPORATION LTD,,,
18049,MINDTECK,MINDTECK (INDIA) LIMITED,,,
25725,BANKPSU,MIRAEAMC - BANKPSU,,,
761046,DEFENCE,MIRAEAMC - DEFENCE,,,
17572,LIQUID,MIRAEAMC - LIQUID,,,
27075,LIQUIDPLUS,MIRAEAMC - LIQUIDPLUS,,,
3507,MAFANG,MIRAEAMC - MAFANG,,,
14286,GOLDETF,MIRAEAMC - MAGOLDETF,,,
7979,MAKEINDIA,MIRAEAMC - MAMFGETF,,,
6353,NIFTYETF,MIRAEAMC - MAN50ETF,,,
17181,NEXT50,MIRAEAMC - MANXT50,,,
16777,SILVERAG,MIRAEAMC - MASILVER,,,
5782,MASPTOP50,MIRAEAMC - MASPTOP50,,,
23855,MIDSMALL,MIRAEAMC - MIDSMALL,,,
19224,SENSEXETF,MIRAEAMC - SENSEXETF,,,
2463,MIDHANI,MISHRA DHATU NIGAM LTD,,,
13844,MMFL,MM FORGINGS LTD,,,
16395,MMP,MMP INDUSTRIES LIMITED,,,
17957,MMTC,MMTC LIMITED,,,
515008,MODINSU,MODERN INSULATORS LTD.,,,
759752,MODIS,MODIS NAVNIRMAN LTD,,,
506261,MODISONLTD,MODISON LIMITED,,,
20830,MOIL,MOIL LIMITED,,,
6713,MOLDTKPAC,MOLD-TEK PACKAGING LTD,,,
17625,MOLDTECH,MOLD-TEK TECHNOLOGIES LTD,,,
7679,MONARCH,MONARCH NETWORTH CAP LTD,,,
759381,MONEYBOXX,MONEYBOXX FINANCE LIMITED,,,
5938,MONTECARLO,MONTE CARLO FASHIONS LTD.,,,
2259,MOREPENLAB,MOREPEN LAB. LTD,,,
29459,MOSCHIP,MOSCHIP TECHNOLOGIES LTD,,,
21423,MOM100,MOTILAL OS MIDCAP100 ETF,,,
22739,MON100,MOTILAL OS NASDAQ100 ETF,,,
14947,MOTILALOFS,MOTILAL OSWAL FIN LTD,,,
1507,MOGSEC,MOTILALAMC - G5,,,
757669,MOALPHA50,MOTILALAMC - MOALPHA50,,,
30065,MOCAPITAL,MOTILALAMC - MOCAPITAL,,,
24944,MODEFENCE,MOTILALAMC - MODEFENCE,,,
757791,MOGOLD,MOTILALAMC - MOGOLD,,,
25606,MOMENTUM50,MOTILALAMC - MOMENTUM50,,,
757817,MOMIDMTM,MOTILALAMC - MOMIDMTM,,,
8182,MOMOMENTUM,MOTILALAMC - MOMOMENTUM,,,
757167,MONEXT50,MOTILALAMC - MONEXT50,,,
7422,MONQ50,MOTILALAMC - MONQ50,,,
10822,MOQUALITY,MOTILALAMC - MOQUALITY,,,
23184,MOREALTY,MOTILALAMC - MOREALTY,,,
758457,MOSILVER,MOTILALAMC - MOSILVER,,,
757443,MOTOUR,MOTILALAMC - MOTOUR,,,
10825,MOVALUE,MOTILALAMC - MOVALUE,,,
4503,MPHASIS,MPHASIS LIMITED,,,
2283,MRPL,MRPL,,,
1628,BECTORFOOD,MRS BECTORS FOOD SPE LTD,,,
9356,MSTCLTD,MSTC LIMITED,,,
543270,MTARTECH,MTAR Technologies Limited,,,
19783,MUFIN,MUFIN GREEN FINANCE LTD,,,
11325,MUKANDLTD,MUKAND LTD.,,,
31181,MCX,MULTI COMMODITY EXCHANGE,,,
13511,MUNJALAU,MUNJAL AUTO IND. LTD.,,,
2307,MUNJALSHOW,MUNJAL SHOWA LTD,,,
10415,MUTHOOTCAP,MUTHOOT CAP SERV LTD,,,
23650,MUTHOOTFIN,MUTHOOT FINANCE LIMITED,,,
20831,MUTHOOTMF,MUTHOOT MICROFIN LIMITED,,,
543787,ROBU,Macfos Limited,,,
539044,MANAKSTEEL,Manaksia Steels Limited,,,
512595,MANBRO,Manbro Industries Limited,,,
543464,SPITZE,Maruti Interior Products Limit,,,
544106,MCFL,Mayank Cattle Food Limited,,,
538668,MIIL,Meghna Infracon Infrastructure,,,
544773,MRTX,Merritronix Limited,,,
544637,METHODHUB,Methodhub Software Limited,,,
540078,MITSU,Mitsu Chem Plast Limited,,,
539682,MOBAVENUE,Mobavenue AI Tech Limited,,,
544453,MSECL,Monarch Surveyors and Engineer,,,
544695,MSAFE,Msafe Equipments Limited,,,
20425,NACLIND,NACL INDUSTRIES LIMITED,,,
13106,NAHARINDUS,NAHAR INDS ENT LTD,,,
11840,NH,NARAYANA HRUDAYALAYA LTD.,,,
3918,NATCOPHARM,NATCO PHARMA LTD.,,,
11065,NATHBIOGEN,NATH BIO-GENES (I) LTD,,,
6364,NATIONALUM,NATIONAL ALUMINIUM CO LTD,,,
13925,NFL,NATIONAL FERT. LTD,,,
4014,NAVA,NAVA LIMITED,,,
14672,NAVINFLUOR,NAVIN FLUORINE INT. LTD,,,
10557,NAVKARCORP,NAVKAR CORPORATION LTD.,,,
2385,NAVNETEDUL,NAVNEET EDUCATION LTD,,,
2987,NAZARA,NAZARA TECHNOLOGIES LTD,,,
31415,NBCC,NBCC (INDIA) LIMITED,,,
2319,NCC,NCC LIMITED,,,
14490,NCLIND,NCL INDUSTRIES LIMITED,,,
22255,NDRAUTO,NDR AUTO COMPONENTS LTD,,,
11427,NDTV,NDTV LTD,,,
14761,NELCAST,NELCAST LIMITED,,,
2388,NELCO,NELCO LTD,,,
9917,NEOGEN,NEOGEN CHEMICALS LIMITED,,,
760346,NEPHROPLUS,NEPHROCARE HEALTH SERV L,,,
15409,NESCO,NESCO LTD.,,,
17963,NESTLEIND,NESTLE INDIA LIMITED,,,
17433,NETWEB,NETWEB TECH INDIA LTD,,,
756324,NPST,NETWORK PEOPLE SRV TECH L,,,
2406,NEULANDLAB,NEULAND LAB LTD.,,,
1164,NEWGEN,NEWGEN SOFTWARE TECH LTD,,,
508905,NEXOME,NEXOME CAPITAL MARKETS LIMITED,,,
10277,NGLFINE,NGL FINE CHEM LIMITED,,,
17400,NHPC,NHPC LTD,,,
29487,NIBE,NIBE LIMITED,,,
17747,NIITMTS,NIIT LEARNING SYSTEMS LTD,,,
11522,NIITLTD,NIIT LIMITED,,,
526159,NIKHILAD,NIKHIL ADHESIVES LTD.,,,
2421,NILKAMAL,NILKAMAL LIMITED,,,
11439,BANKBEES,NIP IND ETF BANK BEES,,,
2435,CONSUMBEES,NIP IND ETF CONSUMPTION,,,
2636,DIVOPPBEES,NIP IND ETF DIV OPP,,,
14428,GOLDBEES,NIP IND ETF GOLD BEES,,,
18284,HNGSNGBEES,NIP IND ETF HANGSENG BEES,,,
10939,JUNIORBEES,NIP IND ETF JUNIOR BEES,,,
11006,LIQUIDBEES,NIP IND ETF LIQUID BEES,,,
8506,MID150BEES,NIP IND ETF MIDCAP 150,,,
29577,NIF100BEES,NIP IND ETF NIFTY 100,,,
10576,NIFTYBEES,NIP IND ETF NIFTY BEES,,,
15032,PSUBNKBEES,NIP IND ETF PSU BANK BEES,,,
538683,SENSEXBEES,NIPPON INDIA ETF SENSEX,,,
357,NAM-INDIA,NIPPON L I A M LTD,,,
757725,LIQGRWBEES,NIPPONAMC - LIQGRWBEES,,,
7880,AUTOBEES,NIPPONAMC - NETFAUTO,,,
8080,SILVERBEES,NIPPONAMC - NETFSILVER,,,
544296,NISUS,NISUS FINANCE SERVICES CO LIMI,,,
13300,NITCO,NITCO LIMITED,,,
13175,NITINSPIN,NITIN SPINNERS LIMITED,,,
27097,NIVABUPA,NIVA BUPA HEALTH INS CO L,,,
8585,NLCINDIA,NLC INDIA LIMITED,,,
15332,NMDC,NMDC LTD.,,,
522289,NMSGLOBAL,NMS GLOBAL LIMITED,,,
2442,NOCIL,NOCIL LIMITED,,,
25426,NORTHARC,NORTHERN ARC CAPITAL LTD,,,
9007,NOVARTIND,NOVARTIS INDIA LIMITED,,,
7553,NRBBEARING,NRB BEARING LIMITED,,,
27176,NTPCGREEN,NTPC GREEN ENERGY LIMITED,,,
11630,NTPC,NTPC LTD,,,
10791,NUCLEUS,NUCLEUS SOFTWARE EXPORTS,,,
18721,NUVAMA,NUVAMA WEALTH MANAGE LTD,,,
5426,NUVOCO,NUVOCO VISTAS CORP LTD,,,
543522,NVENTURES,Nanavati Ventures Limited,,,
544467,NSDL,National Securities Depository,,,
538926,NAPL,Naturite Agro Products Limited,,,
544434,NEETUYOSHI,Neetu Yoshi Limited,,,
543913,NXST,Nexus Select Trust,,,
20242,OBEROIRLTY,OBEROI REALTY LIMITED,,,
2475,ONGC,OIL AND NATURAL GAS CORP.,,,
17438,OIL,OIL INDIA LTD,,,
10637,OLECTRA,OLECTRA GREENTECH LIMITED,,,
759411,OMFREIGHT,OM FREIGHT FORWARDERS LTD,,,
24231,OMINFRAL,OM INFRA LIMITED,,,
762432,OMPOWER,OM POWER TRANSMISSION LTD,,,
14853,OMAXE,OMAXE LIMITED,,,
760865,OMNI,OMNITECH ENGINEERING LTD,,,
6705,PAYTM,ONE 97 COMMUNICATIONS LTD,,,
514330,ONEGLOBAL,ONE GLOBAL SERVICE PROVIDER LI,,,
28046,MOBIKWIK,ONE MOBIKWIK SYSTEMS LTD,,,
9939,ONEPOINT,ONE POINT ONE SOL LTD,,,
763294,KISSHT,ONEMI TECHNOLOGY SOL LTD,,,
29224,ONESOURCE,ONESOURCE SPECL PHARMA L,,,
513119,ONIXSOLAR,ONIX SOLAR ENERGY LIMITED,,,
15278,ONMOBILE,ONMOBILE GLOBAL LTD.,,,
2481,ONWARDTEC,ONWARD TECHNOLOGIES LTD,,,
21469,OPTIEMUS,OPTIEMUS INFRACOM LTD,,,
10738,OFSS,ORACLE FIN SERV SOFT LTD.,,,
31475,ORBTEXP,ORBIT EXPORTS LIMITED,,,
926,ORCHPHARMA,ORCHID PHARMA LIMITED,,,
543997,ORGANICREC,ORGANIC RECYCLING SYSTEMS LIMI,,,
10159,ORICONENT,ORICON ENTERPRISES LTD,,,
14278,ORIENTBELL,ORIENT BELL LIMITED,,,
30089,ORIENTCEM,ORIENT CEMENT LTD.,,,
2972,ORIENTELEC,ORIENT ELECTRIC LIMITED,,,
2493,ORIENTHOT,ORIENT HOTELS LTD,,,
24961,ORIENTTECH,ORIENT TECHNOLOGIES LTD,,,
10768,OAL,ORIENTAL AROMATICS LTD,,,
531859,ORIRAIL,ORIENTAL RAIL INFRASTRUCTURE L,,,
759569,ORKLAINDIA,ORKLA INDIA LIMITED,,,
540198,OSIAJEE,OSIAJEE TEXFAB LIMITED,,,
756802,OSWALPUMPS,OSWAL PUMPS LIMITED,,,
540405,OCEANIC,Oceanic Foods Limited,,,
543578,OLATECH,Olatech Solutions Limited,,,
25312,PNGJL,P N GADGIL JEWELLERS LTD,,,
2535,PGHH,P&G HYGIENE & HEALTH CARE,,,
759342,PACEDIGITK,PACE DIGITEK LIMITED,,,
14413,PAGEIND,PAGE INDUSTRIES LTD,,,
25468,PAISALO,PAISALO DIGITAL LIMITED,,,
17197,PAKKA,PAKKA LIMITED,,,
4055,PANACEABIO,PANACEA BIOTEC LTD,,,
25392,PANAMAPET,PANAMA PETROCHEM LTD,,,
504093,PANAENERG,PANASONIC ENERGY INDIA COMPANY,,,
531280,PANKAJPO,PANKAJ POLYMERS LTD.,,,
544383,PPARIVAH,PARADEEP PARIVAHAN LIMITED,,,
9741,PARADEEP,PARADEEP PHOSPHATES LTD,,,
17130,PARAGMILK,PARAG MILK FOODS LTD.,,,
13951,PARACABLES,PARAMOUNT COMM LTD,,,
5911,PARAS,PARAS DEF AND SPCE TECH L,,,
760351,PARKHOSPS,PARK MEDI WORLD LIMITED,,,
22649,PARKHOTELS,PARKHOTELS,,,
544330,PARMESHWAR,PARMESHWAR METAL LIMITED,,,
757955,PASHUPATI,PASHUPATI COTSPIN LIMITED,,,
17029,PATANJALI,PATANJALI FOODS LIMITED,,,
544460,PATELCHEM,PATEL CHEM SPECIALITIES LIMITE,,,
759439,PATELRMART,PATEL RETAIL LIMITED,,,
517417,PATELSAI,PATELS AIRTEMP (INDIA) LTD.,,,
6656,POLICYBZR,PB FINTECH LIMITED,,,
2649,PCBL,PCBL CHEMICAL LIMITED,,,
5264,PDSL,PDS LIMITED,,,
14260,PGIL,PEARL GLOBAL IND LIMITED,,,
20621,PENIND,PENNAR INDUSTRIES LTD,,,
18365,PERSISTENT,PERSISTENT SYSTEMS LTD,,,
11351,PETRONET,PETRONET LNG LIMITED,,,
2643,PFIZER,PFIZER LTD,,,
25358,PGEL,PG ELECTROPLAST LTD,,,
526747,PGFOILQ,PG FOILS LTD.,,,
759723,PWL,PHYSICSWALLAH LIMITED,,,
24184,PIIND,PI INDUSTRIES LTD,,,
757754,PICCADIL,PICCADILY AGRO INDUSTRI L,,,
2664,PIDILITIND,PIDILITE INDUSTRIES LTD,,,
759820,PINELABS,PINE LABS LIMITED,,,
759551,PIRAMALFIN,PIRAMAL FINANCE LIMITED,,,
11571,PPLPHARMA,PIRAMAL PHARMA LIMITED,,,
14134,PITTIENG,PITTI ENGINEERING LIMITED,,,
9087,PIXTRANS,PIX TRANSMISSIONS LIMITED,,,
13920,PLASTIBLEN,PLASTIBLENDS INDIA LTD,,,
22930,PLATIND,PLATINUM INDUSTRIES LTD,,,
8736,PNBGILTS,PNB GILTS LIMITED,,,
18908,PNBHOUSING,PNB HOUSING FIN LTD.,,,
9385,PNCINFRA,PNC INFRATECH LTD.,,,
760242,PNGSREVA,PNGS REVA DIAMOND JEWEL L,,,
539195,POEL,POCL ENTERPRISES LTD,,,
17651,POKARNA,POKARNA LIMITED,,,
25718,POLYMED,POLY MEDICURE LIMITED,,,
9590,POLYCAB,POLYCAB INDIA LIMITED,,,
2687,POLYPLEX,POLYPLEX CORPORATION LTD,,,
14385,POCL,PONDY OXIDES & CHEM LTD,,,
11403,POONAWALLA,POONAWALLA FINCORP LTD,,,
23142,PVSL,POPULAR VEHICLES N SER L,,,
14299,PFC,POWER FIN CORP LTD.,,,
14977,POWERGRID,POWER GRID CORP. LTD.,,,
15716,PIGL,POWER INSTRUMENT (G) LTD,,,
10473,POWERMECH,POWER MECH PROJECTS LTD.,,,
543290,PGINVIT,POWERGRID Infrastructure Inves,,,
761680,POWERICA,POWERICA LIMITED,,,
15209,PPAP,PPAP AUTOMOTIVE LIMITED,,,
30134,PRABHA,PRABHA ENERGY LIMITED,,,
762839,PRADPME,PRADEEP METALS LTD.,,,
2705,PRAJIND,PRAJ INDUSTRIES LTD,,,
2708,PRAKASH,PRAKASH INDUSTRIES LTD,,,
10297,PPL,PRAKASH PIPES LIMITED,,,
21840,DIAMONDYD,PRATAAP SNACKS LIMITED,,,
762844,PRAVEG,PRAVEG LTD.,,,
12603,PRECAM,PRECISION CAMSHAFTS LTD.,,,
517258,PRECISIO,PRECISION ELECTRONICS LTD.,,,
2717,PRECWIRE,PRECISION WIRES INDIA LTD,,,
25049,PREMIERENE,PREMIER ENERGIES LIMITED,,,
17397,PREMEXPLN,PREMIER EXPLOSIVES LTD,,,
20302,PRESTIGE,PRESTIGE ESTATE LTD,,,
19631,PRICOLLTD,PRICOL LIMITED,,,
532748,PFOCUS,PRIME FOCUS LTD.,,,
11864,PRIMESECU,PRIME SECURITIES LIMITED,,,
16045,PRINCEPIPE,PRINCE PIPES FITTINGS LTD,,,
2739,PRSMJOHNSN,PRISM JOHNSON LIMITED,,,
8825,PRIVISCL,PRIVI SPECIALITY CHE LTD,,,
758173,PROSTARM,PROSTARM INFO SYSTEMS LTD,,,
29472,PROTEAN,PROTEAN EGOV TECHNO LTD,,,
20877,PSPPROJECT,PSP PROJECTS LIMITED,,,
11355,PTC,PTC INDIA LIMITED,,,
15377,PDMJEPAPER,PUDUMJEE PAPER PRO. LTD,,,
10666,PNB,PUNJAB NATIONAL BANK,,,
14922,PURVA,PURAVANKARA LIMITED,,,
13147,PVRINOX,PVR INOX LIMITED,,,
18250,PYRAMID,PYRAMID TECHNOPLAST LTD,,,
544657,PAJSON,Pajson Agro India Limited,,,
544191,PURPLEFIN,Purple Finance Limited,,,
751607,QMSMEDI,QMS MEDICAL ALLIED S LTD,,,
29087,QUADFUTURE,QUADRANT FUTURE TEK LTD,,,
15330,QGOLDHALF,QUANTUM GOLD FUND,,,
17704,QUESS,QUESS CORP LIMITED,,,
543982,QUESTFLOW,QUEST FLOW CONTROLS LIMITED,,,
544091,QLL,Qualitek Labs Limited,,,
539678,QUICKHEAL,Quick Heal Technologies Limite,,,
23043,RKSWAMY,R K SWAMY LIMITED,,,
18566,RRKABEL,R R KABEL LIMITED,,,
13414,RSYSTEMS,R SYS INTERNATIONAL LTD,,,
20760,RPPINFRA,R.P.P INFRA PROJECTS LTD,,,
27171,RACLGEAR,RACL GEARTECH LIMITED,,,
10343,RADHIKAJWE,RADHIKA JEWELTECH LIMITED,,,
10990,RADICO,RADICO KHAITAN LTD,,,
24735,RPEL,RAGHAV PRODUCTIVITY ENH L,,,
9552,RVNL,RAIL VIKAS NIGAM LIMITED,,,
2431,RAILTEL,RAILTEL CORP OF IND LTD,,,
15337,RAIN,RAIN INDUSTRIES LIMITED,,,
9408,RAINBOW,RAINBOW CHILDRENS MED LTD,,,
762859,RAJPALAYAM,RAJAPALAYAM MILLS LTD.,,,
544291,RAJESH,RAJESH POWER SERVICES LIMITED,,,
757049,RAJOOENG,RAJOO ENGINEERS LIMITED,,,
761439,RSL,RAJPUTANA STAINLESS LTD,,,
18962,RAJRATAN,RAJRATAN GLOBAL WIRE LTD,,,
2816,RALLIS,RALLIS INDIA LTD,,,
10485,RAMRAT,RAM RATNA WIRES LIMITED,,,
10568,RAMAPHO,RAMA PHOSPHATES LIMITED,,,
4587,RAMCOIND,RAMCO INDUSTRIES LIMITED,,,
7851,RAMCOSYS,RAMCO SYSTEMS LTD.,,,
11411,RKFORGE,RAMKRISHNA FORGINGS LTD,,,
20134,RAMKY,RAMKY INFRA LTD,,,
11975,RML,RANE (MADRAS) LIMITED,,,
2844,RANEHOLDIN,RANE HOLDINGS LIMITED,,,
500360,RAPICUT,RAPICUT CARBIDES LTD.,,,
22670,RPTECH,RASHI PERIPHERALS LIMITED,,,
2866,RCF,RASHTRIYA CHEMICALS & FER,,,
7177,RATEGAIN,RATEGAIN TRAVEL TECHN LTD,,,
13451,RATNAMANI,RATNAMANI MET & TUB LTD.,,,
18423,RATNAVEER,RATNAVEER PRECISION ENG L,,,
24596,RELTD,RAVINDRA ENERGY LIMITED,,,
25073,RAYMONDLSL,RAYMOND LIFESTYLE LIMITED,,,
2859,RAYMOND,RAYMOND LTD,,,
758551,RAYMONDREL,RAYMOND REALTY LIMITED,,,
18391,RBLBANK,RBL BANK LIMITED,,,
20874,RBZJEWEL,RBZ JEWELLERS LIMITED,,,
15355,RECLTD,REC LIMITED,,,
544755,RECODE,RECODE STUDIOS LIMITED,,,
14255,REDINGTON,REDINGTON LIMITED,,,
17859,REDTAPE,REDTAPE LIMITED,,,
17764,REFEX,REFEX INDUSTRIES LIMITED,,,
24225,RELAXO,RELAXO FOOT LTD.,,,
3172,GILT5YBEES,RELCAPAMC - NETFGILT5Y,,,
2912,RIIL,RELIANCE INDUSTRIAL INFRA,,,
2885,RELIANCE,RELIANCE INDUSTRIES LTD,,,
15068,RELIGARE,RELIGARE ENTER. LTD.,,,
3965,REMSONSIND,REMSONS INDUSTRIES LTD,,,
15129,RGL,RENAISSANCE GLOBAL LTD,,,
29598,REPCOHOME,REPCO HOME FINANCE LTD,,,
544463,REPONO,REPONO LIMITED,,,
13126,REPRO,REPRO INDIA LIMITED,,,
543805,RESGEN,RESGEN LIMITED,,,
524218,RESONANCE,RESONANCE SPECIALTIES LTD.,,,
20323,RESPONIND,RESPONSIVE INDUSTRIES LTD,,,
1494,RBA,RESTAURANT BRAND ASIA LTD,,,
31163,RHIM,RHI MAGNESITA INDIA LTD,,,
531952,RIBATEX,RIBA TEXTILES LTD.,,,
2909,RICOAUTO,RICO AUTO INDUSTRIES LTD,,,
517035,RIR,RIR POWER ELECTRONICS LIMITED,,,
18417,RISHABH,RISHABH INSTRUMENTS LTD,,,
8944,RITCO,RITCO LOGISTICS LIMITED,,,
3761,RITES,RITES LIMITED,,,
762346,RMC,RMC SWITCHGEARS LIMITED,,,
517286,RNITAI,RNIT AI SOLUTIONS LIMITED,,,
5279,ROLEXRINGS,ROLEX RINGS LIMITED,,,
19410,ROSSARI,ROSSARI BIOTECH LIMITED,,,
28913,ROSSELLIND,ROSSELL INDIA LIMITED,,,
27353,ROSSTECH,ROSSELL TECHSYS LIMITED,,,
9049,ROTO,ROTO PUMPS LIMITED,,,
128,ROUTE,ROUTE MOBILE LIMITED,,,
13182,ROHLTD,ROYAL ORCHID HOTELS LTD,,,
8119,RPSGVENT,RPSG VENTURES LIMITED,,,
24730,RUBFILA,RUBFILA INTERNATIONAL LTD,,,
759316,RUBICON,RUBICON RESEARCH LIMITED,,,
13821,RUCHIRA,RUCHIRA PAPERS LIMITED,,,
25724,RUPA,RUPA & COMPANY LTD,,,
544629,RAVEL,Ravelcare Limited,,,
544391,RETAGGIO,Retaggio Industries Limited,,,
20698,SCHAND,S CHAND AND COMPANY LTD,,,
11212,SHK,S H KELKAR AND CO. LTD.,,,
18252,SPAL,S. P. APPARELS LIMITED,,,
543799,SVJ,S. V. J. Enterprises Limited,,,
532604,SALSTEEL,S.A.L.STEEL LTD.,,,
759057,SAATVIKGL,SAATVIK GREEN ENERGY LTD,,,
13035,SAFARI,SAFARI IND (INDIA) LTD,,,
14068,SAGCEM,SAGAR CEMENTS LIMITED,,,
27839,SAILIFE,SAI LIFE SCIENCES LIMITED,,,
761675,SAIPARENT,SAI PARENTERALS LIMITED,,,
18755,KALAMANDIR,SAI SILKS (KALAMANDIR) L,,,
515043,SEKURITIND,SAINT-GOBAIN SEKURIT INDIA LTD,,,
9539,SAKAR,SAKAR HEALTHCARE LIMITED,,,
11794,SAKSOFT,SAKSOFT LIMITED,,,
11399,SALZERELEC,SALZER ELECTRONICS LTD,,,
757767,SAMBHV,SAMBHV STEEL TUBES LTD,,,
18614,SAMHI,SAMHI HOTELS LIMITED,,,
30125,SAMMAANCAP,SAMMAAN CAPITAL LIMITED,,,
500371,SAMTELIN,SAMTEL INDIA LTD.,,,
4204,MOTHERSON,SAMVRDHNA MTHRSN INTL LTD,,,
28805,SANATHAN,SANATHAN TEXTILES LIMITED,,,
2397,SANDHAR,SANDHAR TECHNOLOGIES LTD,,,
18359,SANDUMA,SANDUR MANG & IRON ORES L,,,
4184,SANGAMIND,SANGAM (INDIA) LTD,,,
14058,SANGHVIMOV,SANGHVI MOVERS LTD,,,
1442,SANOFI,SANOFI INDIA LIMITED,,,
5751,SANSERA,SANSERA ENGINEERING LTD,,,
24582,SANSTAR,SANSTAR LIMITED,,,
6718,SAPPHIRE,SAPPHIRE FOODS INDIA LTD,,,
24856,SSDL,SARASWATI SAREE DEPOT LTD,,,
17758,SARDAEN,SARDA ENERGY & MIN LTD,,,
4892,SAREGAMA,SAREGAMA INDIA LIMITED,,,
14043,SARLAPOLY,SARLA PERF. FIBERS LTD,,,
6843,SMLT,SARTHAK METALS LIMITED,,,
11983,SASKEN,SASKEN TECHNOLOGIES LTD,,,
11045,SATIA,SATIA INDUSTRIES LIMITED,,,
10453,SATIN,SATIN CREDIT NET LTD,,,
3018,SAURASHCEM,SAURASHTRA CEMENT LIMITED,,,
3021,SOTL,SAVITA OIL TECHNOLO. LTD,,,
18026,SBFC,SBFC FINANCE LIMITED,,,
17971,SBICARD,SBI CARDS & PAY SER LTD,,,
21808,SBILIFE,SBI LIFE INSURANCE CO LTD,,,
17272,SETFGOLD,SBI-ETF GOLD,,,
10176,SETFNIF50,SBI-ETF NIFTY 50,,,
7361,SETFNIFBK,SBI-ETF NIFTY BANK,,,
7353,SETFNN50,SBI-ETF NIFTY NEXT 50,,,
30290,SBIBPB,SBIAMC - SBIBPB,,,
722,SBIETFPB,SBIAMC - SBIETFPB,,,
758496,SBILIQETF,SBIAMC - SBILIQETF,,,
761095,SBIMIDMOM,SBIAMC - SBIMIDMOM,,,
24366,SBISILVER,SBIAMC - SBISILVER,,,
17395,SETF10GILT,SBIAMC - SETF10GILT,,,
1011,SCHAEFFLER,SCHAEFFLER INDIA LIMITED,,,
31234,SCHNEIDER,SCHNEIDER ELECTRIC INFRA,,,
757478,SCODATUBES,SCODA TUBES LIMITED,,,
2616,SEAMECLTD,SEAMEC LIMITED,,,
761153,SEDEMAC,SEDEMAC MECHATRONICS LTD,,,
17271,SENCO,SENCO GOLD LIMITED,,,
28888,SENORES,SENORES PHARMACEUTICALS L,,,
5507,SERVOTECH,SERVOTECH REN POW SYS LTD,,,
759934,STYL,SESHAASAI TECHNOLOGIES L,,,
3066,SESHAPAPER,SESHASAYEE PAPER & BOARDS,,,
758853,SGFIN,SG FINSERVE LIMITED,,,
758889,SGMART,SG MART LIMITED,,,
761469,SHADOWFAX,SHADOWFAX TECHNOLOGIES L,,,
11856,SHAHALLOYS,SHAH ALLOYS LIMITED,,,
8727,SHAILY,SHAILY ENG PLASTICS LTD,,,
25574,SHAKTIPUMP,SHAKTI PUMPS (I) LTD,,,
714,SHALBY,SHALBY LIMITED,,,
761688,SAHLIBHFI,SHALIBHADRA FINANCE LTD,,,
15342,SHALPAINTS,SHALIM PAINTS LTD,,,
760594,BUILDPRO,SHANKARA BUILDPRO LIMITED,,,
3078,SHANTIGEAR,SHANTHI GEARS LTD,,,
762889,SEIL,SHANTI EDU INITIATIVES L,,,
758002,SHANTIGOLD,SHANTI GOLD INTERNATION L,,,
762904,SHINDL,SHARAT INDUSTRIES LTD.,,,
4992,SHARDACROP,SHARDA CROPCHEM LTD.,,,
10530,SHARDAMOTR,SHARDA MOTOR INDS LTD,,,
104,SHAREINDIA,SHARE IND. SECURITIES LTD,,,
544506,SHARVAYA,SHARVAYA METALS LIMITED,,,
19184,SFL,SHEELA FOAM LIMITED,,,
759847,SHILCTECH,SHILCHAR TECHNOLOGIES LTD,,,
17752,SHILPAMED,SHILPA MEDICARE LTD,,,
544607,SHTL,SHINING TOOLS LIMITED,,,
3048,SCI,SHIPPING CORP OF INDIA LT,,,
804,SHIVATEX,SHIVA TEXYARN LIMITED,,,
4656,SBCL,SHIVALIK BIMETAL CON. LTD,,,
11813,SHOPERSTOP,SHOPPERS STOP LIMITED,,,
531771,SHRADDHA,SHRADDHA PRIME PROJECTS LTD,,,
10588,SHREEPUSHK,SHRE PUSH CHEM & FERT LTD,,,
3103,SHREECEM,SHREE CEMENT LIMITED,,,
3099,SHREDIGCEM,SHREE DIGVIJAY CEM CO LTD,,,
527005,SHREEPAC,SHREE PACETRONIX LTD.,,,
544458,SHREEREF,SHREE REFRIGERATIONS LIMITED,,,
759448,SHREEJISPG,SHREEJI SHIPPING GLOBAL L,,,
523309,SHRIGANG,SHRI GANG INDUSTRIES AND ALLIE,,,
759093,SHRINGARMS,SHRINGAR HOU OF MANGALS L,,,
4306,SHRIRAMFIN,SHRIRAM FINANCE LIMITED,,,
17186,SHRIPISTON,SHRIRAM PIST. & RING LTD,,,
7200,SHRIRAMPPS,SHRIRAM PROPERTIES LTD,,,
4693,SHYAMMETL,SHYAM METALICS AND ENGY L,,,
16875,SICAGEN,SICAGEN INDIA LIMITED,,,
756871,ENRIN,SIEMENS ENERGY INDIA LTD,,,
3150,SIEMENS,SIEMENS LTD,,,
532408,SIGMAADV,SIGMA ADVANCED SYSTEMS LIMITED,,,
18743,SIGNATURE,SIGNATUREGLOBAL INDIA LTD,,,
22656,SIGNPOST,SIGNPOST INDIA LIMITED,,,
762914,SIKA,SIKA INTERPLANT SYSTEMS L,,,
2492,SILGO,SILGO RETAIL LIMITED,,,
543615,SRSOLTD,SILICON RENTAL SOLUTIONS LIMIT,,,
9422,SILVERTUC,SILVER TOUCH TECHNO LTD,,,
513472,SIMPLEXCAS,SIMPLEX CASTINGS LTD.,,,
3162,SIMPLEXINF,SIMPLEX INFRASTRUCTURES L,,,
23480,SINCLAIR,SINCLAIRS HOTELS LIMITED,,,
761420,SINGERIND,SINGER INDIA LIMITED,,,
11050,SIRCA,SIRCA PAINT INDIA LIMITED,,,
21501,SIS,SIS LIMITED,,,
14096,SIYSIL,SIYARAM SILK MILLS LTD,,,
6643,SJS,SJS ENTERPRISES LIMITED,,,
18883,SJVN,SJVN LTD,,,
544584,SKM,SK Minerals & Additives Limite,,,
760101,SKFINDUS,SKF IND (INDUSTRIAL) LTD,,,
3186,SKFINDIA,SKF INDIA LTD,,,
9428,SKIPPER,SKIPPER LIMITED,,,
4732,SKMEGGPROD,SKM EGG PROD EXPORT(I) LT,,,
13631,SKYGOLD,SKY GOLD AND DIAMONDS LTD,,,
757965,SMARTWORKS,SMARTWORKS COWORKING SP L,,,
2320,SMCGLOBAL,SMC GLOBAL SECURITIES LTD,,,
3387,SMLMAH,SML MAHINDRA LIMITED,,,
544774,SMR,SMR Jewels Limited,,,
14329,SMSPHARMA,SMS PHARMACEUTICALS LTD.,,,
13826,SOBHA,SOBHA LIMITED,,,
13332,SOLARINDS,SOLAR INDUSTRIES (I) LTD,,,
3672,SOLARA,SOLARA ACTIVE PHA SCI LTD,,,
544354,SOLARIUM,SOLARIUM GREEN ENERGY LIMITED,,,
759929,SOLARWORLD,SOLARWORLD ENERGY SOL LTD,,,
759397,SOLEX,SOLEX ENERGY LIMITED,,,
1338,SDBL,SOM DIST & BREW LTD,,,
4201,SOMATEX,SOMA TEXTILES & INDUST LT,,,
3880,SOMANYCERA,SOMANY CERAMICS LIMITED,,,
17794,SOMICONVEY,SOMI CONVEYOR BELT. LTD.,,,
4684,SONACOMS,SONA BLW PRECISION FRGS L,,,
8806,SONAMLTD,SONAM LIMITED,,,
6596,SONATSOFTW,SONATA SOFTWARE LTD,,,
9678,SOUTHWEST,SOUTH WEST PINNACLE LTD,,,
11435,SPANDANA,SPANDANA SPHOORTY FIN LTD,,,
27107,SPECIALITY,SPECIALITY REST LTD,,,
517166,SPELS,SPEL SEMICONDUCTOR LTD.,,,
3252,SPIC,SPIC LTD,,,
526827,SPICEISLIN,SPICE ISLANDS INDUSTRIES LIMIT,,,
3321,SPMLINFRA,SPML INFRA LIMITED,,,
10733,SPORTKING,SPORTKING INDIA LIMITED,,,
31837,SREEL,SREELEATHERS LIMITED,,,
3273,SRF,SRF LTD,,,
758145,LOTUSDEV,SRI LOTUS DEVLPRS N RTY L,,,
521178,SRMCL,SRI RAMAKRISHNA MILLS (COIMBAT,,,
544399,SRIGEE,SRIGEE DLM LIMITED,,,
23402,SRM,SRM CONTRACTORS LIMITED,,,
29204,STALLION,STALLION IND FLUOROCHEM L,,,
29075,SETL,STANDARD ENGNG TCNLGY LTD,,,
24226,STANLEY,STANLEY LIFESTYLES LTD,,,
21091,STARCEMENT,STAR CEMENT LIMITED,,,
7083,STARHEALTH,STAR HEALTH & AL INS CO L,,,
544482,STARIMAGIN,STAR IMAGING AND PATH LAB LIMI,,,
3045,SBIN,STATE BANK OF INDIA,,,
2963,SAIL,STEEL AUTHORITY OF INDIA,,,
11829,SSWL,STEEL STRIPS WHEELS LTD.,,,
6803,STEELCAS,STEELCAST LIMITED,,,
21484,STEL,STEL HOLDINGS LIMITED,,,
4299,STERTOOLS,STERLING TOOLS LIMITED,,,
532374,STLTECH,STERLITE TECHNOLOGIES LTD.,,,
2107,STOVEKRAFT,STOVE KRAFT LIMITED,,,
7374,STAR,STRIDES PHARMA SCI LTD,,,
12489,SWSOLAR,STRLNG & WIL REN ENE LTD,,,
759587,STUDDS,STUDDS ACCESSORIES LTD,,,
5186,STYLAMIND,STYLAM INDUSTRIES LIMITED,,,
19,STYRENIX,STYRENIX PERFORMANCE LTD,,,
544267,SUBAM,SUBAM PAPERS LIMITED,,,
3324,SUBROS,SUBROS LIMITED,,,
3327,SUDARSCHEM,SUDARSHAN CHEMICAL INDS L,,,
760039,SUDEEPPHRM,SUDEEP PHARMA LIMITED,,,
544501,SUGSLLOYD,SUGS LLOYD LIMITED,,,
11804,SUKHJITS,SUKHJIT STARCH & CHEM LTD,,,
13218,SULA,SULA VINEYARDS LIMITED,,,
17105,SUMICHEM,SUMITOMO CHEM INDIA LTD,,,
14788,SPARC,SUN PHARMA ADV.RES.CO.LTD,,,
3351,SUNPHARMA,SUN PHARMACEUTICAL IND L,,,
13404,SUNTV,SUN TV NETWORK LIMITED,,,
3339,SUNDARMFIN,SUNDARAM FINANCE LTD,,,
3345,SUNDRMFAST,SUNDRAM FASTENERS LTD,,,
3348,SUNFLAG,SUNFLAG IRON AND STEEL CO,,,
17641,SUNTECK,SUNTECK REALTY LIMITED,,,
20616,SUPERHOUSE,SUPERHOUSE LIMITED,,,
11689,SUPRAJIT,SUPRAJIT ENGINEERING LTD,,,
3363,SUPREMEIND,SUPREME INDUSTRIES LTD,,,
15002,SUPREMEINF,SUPREME INFRA. LTD.,,,
9617,SPLPETRO,SUPREME PETROCHEM LIMITED,,,
7390,SUPRIYA,SUPRIYA LIFESCIENCE LTD,,,
20822,SURAJEST,SURAJ ESTATE DEVELOPERS L,,,
27334,SURAKSHA,SURAKSHA DIAGNOSTIC LTD,,,
3375,SURYAROSNI,SURYA ROSHNI LTD,,,
11852,SURYALAXMI,SURYALAKSHMI COT MIL LTD,,,
2970,SURYODAY,SURYODAY SMALL FIN BK LTD,,,
11233,SUVEN,SUVEN LIFE SCIENCES LTD,,,
24851,SUYOG,SUYOG TELEMATICS LIMITED,,,
12018,SUZLON,SUZLON ENERGY LIMITED,,,
27095,SWANCORP,SWAN CORP LIMITED,,,
3384,SWARAJENG,SWARAJ ENGINES LTD,,,
27066,SWIGGY,SWIGGY LIMITED,,,
24190,SYMPHONY,SYMPHONY LIMITED,,,
10243,SYNGENE,SYNGENE INTERNATIONAL LTD,,,
10793,SYRMA,SYRMA SGS TECHNOLOGY LTD,,,
544250,SANOFICONR,Sanofi Consumer Healthcare Ind,,,
540425,SHANKARA,Shankara Building Products Lim,,,
539148,SHIVALIK,Shivalik Rasayan Ltd.,,,
543373,SVRL,Shri Venkatesh Refineries Limi,,,
544793,SUSAN,Susan Electricals India Limite,,,
544452,SWASTIKAAL,Swastika Castal Limited,,,
9354,TAJGVK,TAJ GVK HOTELS & RESORTS,,,
13648,TALBROAUTO,TALBROS AUTO. COMP. LTD,,,
762934,TAMBOLIIN,TAMBOLI INDUSTRIES LTD.,,,
10945,TMB,TAMILNAD MERCA BANK LTD,,,
3980,TNPL,TAMILNADU NEWSPRT & PAPER,,,
3509,TNPETRO,TAMILNADU PETROPRODUCTS L,,,
522229,TANAA,TANEJA AEROSPACE & AVIATION LT,,,
506854,TANFACIND,TANFAC INDUSTRIES LTD.,,,
13976,TANLA,TANLA PLATFORMS LIMITED,,,
23512,TARACHAND,TARA CHAND INFRA SOLN LTD,,,
1581,TARC,TARC LIMITED,,,
14771,TARMAT,TARMAT LIMITED,,,
6943,TARSONS,TARSONS PRODUCTS LIMITED,,,
759265,TATACAP,TATA CAPITAL LIMITED,,,
3405,TATACHEM,TATA CHEMICALS LTD,,,
3721,TATACOMM,TATA COMMUNICATIONS LTD,,,
11536,TCS,TATA CONSULTANCY SERV LT,,,
3432,TATACONSUM,TATA CONSUMER PRODUCT LTD,,,
3411,TATAELXSI,TATA ELXSI LIMITED,,,
1621,TATAINVEST,TATA INVESTMENT CORP LTD,,,
759782,TMCV,TATA MOTORS LIMITED,,,
3456,TMPV,TATA MOTORS PASS VEH LTD,,,
3426,TATAPOWER,TATA POWER CO LTD,,,
3499,TATASTEEL,TATA STEEL LIMITED,,,
20293,TATATECH,TATA TECHNOLOGIES LIMITED,,,
8882,TNIDETF,TATAAML - TNIDETF,,,
5162,TATVA,TATVA CHIN PHARM CHEM LTD,,,
23740,TBOTEK,TBO TEK LIMITED,,,
19223,TCIEXP,TCI EXPRESS LIMITED,,,
184,TCPLPACK,TCPL PACKAGING LIMITED,,,
25178,TDPOWERSYS,TD POWER SYSTEMS LTD.,,,
12716,TEAMLEASE,TEAMLEASE SERVICES LTD.,,,
13538,TECHM,TECH MAHINDRA LIMITED,,,
6445,TECHNOE,TECHNO ELEC & ENG CO. LTD,,,
14223,TIIL,TECHNOCRAFT IND LTD,,,
7105,TEGA,TEGA INDUSTRIES LIMITED,,,
21131,TEJASNET,TEJAS NETWORKS LIMITED,,,
544544,TELGE,TELGE PROJECTS LIMITED,,,
3275,TEMBO,TEMBO GLOBAL IND LTD,,,
759880,TENNIND,TENNECO CLEAN AIR INDIA L,,,
526638,TEXELIN,TEXEL INDUSTRIES LTD.,,,
11549,TEXINFRA,TEXMACO INFRA & HOLDG LTD,,,
21828,TEXRAIL,TEXMACO RAIL & ENG. LTD.,,,
544175,TGIF,TGIF AGRIBUSINESS LIMITED,,,
507753,TGVSL,TGV SRAAC Limited,,,
18118,THANGAMAYL,THANGAMAYIL JEWELLERY LTD,,,
9014,ANUP,THE ANUP ENGINEERING LTD,,,
13776,GESHIP,THE GE SHPG.LTD,,,
1515,INDIACEM,THE INDIA CEMENTS LIMITED,,,
1512,INDHOTEL,THE INDIAN HOTELS CO. LTD,,,
399,NIACL,THE NEW INDIA ASSU CO LTD,,,
14552,PHOENIXLTD,THE PHOENIX MILLS LTD,,,
2043,RAMCOCEM,THE RAMCO CEMENTS LIMITED,,,
10948,STCINDIA,THE STATE TRADING CORPN,,,
14485,THEMISMED,THEMIS MEDICARE LTD.,,,
3475,THERMAX,THERMAX LTD,,,
3496,TIRUMALCHM,THIRUMALAI CHEMICALS LTD,,,
3481,THOMASCOOK,THOMAS COOK (INDIA) LTD,,,
31017,THOMASCOTT,THOMAS SCOTT (INDIA) LTD,,,
17032,THYROCARE,THYROCARE TECH LTD,,,
3484,TIL,TIL LTD,,,
19196,TI,TILAKNAGAR INDUSTRIES LTD,,,
14707,TIMETECHNO,TIME TECHNOPLAST LTD.,,,
762954,TIMEX,TIMEX GROUP INDIA LTD.,,,
14198,TIMKEN,TIMKEN INDIA LTD.,,,
756020,TINNARUBR,TINNA RUBBER AND INFR LTD,,,
9117,TIPSMUSIC,TIPS MUSIC LIMITED,,,
15414,TITAGARH,TITAGARH RAIL SYSTEMS LTD,,,
524717,TITANBIO,TITAN BIOTECH LTD.,,,
3506,TITAN,TITAN COMPANY LIMITED,,,
25262,TOLINS,TOLINS TYRES LIMITED,,,
3518,TORNTPHARM,TORRENT PHARMACEUTICALS L,,,
13786,TORNTPOWER,TORRENT POWER LTD,,,
22423,TOTAL,TOTAL TRANSPORT SYS LTD,,,
3466,TFCILTD,TOURISM FINANCE CORP. OF,,,
9219,TPLPLASTEH,TPL PLASTECH LIMITED,,,
15174,TARIL,TRANS & RECTI. LTD,,,
10580,TCI,TRANSPORT CORPN OF INDIA,,,
28714,TRANSRAILL,TRANSRAIL LIGHTING LTD,,,
757545,TRAVELFOOD,TRAVEL FOOD SERVICES LTD,,,
7518,TREJHARA,TREJHARA SOLUTIONS LTD,,,
1964,TRENT,TRENT LTD,,,
17987,TRF,TRF LIMITED,,,
27037,TBZ,TRIB BHIMJI ZAVERI LTD,,,
5428,TRIGYN,TRIGYN TECHNOLOGIES LTD,,,
13081,TRIVENI,TRIVENI ENGG. & INDS. LTD,,,
25584,TRITURBINE,TRIVENI TURBINE LIMITED,,,
759210,TRUALT,TRUALT BIOENERGY LIMITED,,,
544531,TRUECOLORS,TRUE COLORS LIMITED,,,
533407,TRUEGREEN,TRUE GREEN BIO ENERGY LIMITED,,,
2183,TSFINV,TSF INVESTMENTS LIMITED,,,
3546,TTKPRESTIG,TTK PRESTIGE LTD,,,
312,TIINDIA,TUBE INVEST OF INDIA LTD,,,
11275,TVTODAY,TV TODAY NETWORK LTD,,,
11265,TVSELECT,TVS ELECTRONICS LTD,,,
8479,TVSMOTOR,TVS MOTOR COMPANY  LTD,,,
18151,TVSSCS,TVS SUPPLY CHAIN SOL L,,,
541228,TRL,Taylormade Renewables Limited,,,
544740,TIPCO,Tipco Engineering India Limite,,,
543616,TLL,Trident Lifeline Limited,,,
532056,TRUSTEDGE,Trustedge Capital Limited,,,
3570,UCAL,UCAL LIMITED,,,
1053,UFLEX,UFLEX LIMITED,,,
9039,UFO,UFO MOVIEZ INDIA LTD.,,,
5313,UGROCAP,UGRO CAPITAL LIMITED,,,
544779,UHMVL,UHM Vacation Limited,,,
15228,UJJIVANSFB,UJJIVAN SMALL FINANC BANK,,,
762961,ULTRAMAR,ULTRAMARINE & PIGMENTS L,,,
11532,ULTRACEMCO,ULTRATECH CEMENT LIMITED,,,
8998,UMIYA-MRO,UMIYA BUILDCON LIMITED,,,
3579,UNICHEMLAB,UNICHEM LABORATORIES LTD,,,
24809,UNIECOM,UNICOMMERCE ESOLUTIONS L,,,
544406,UNIFIED,UNIFIED DATA TECH SOLUTIONS LI,,,
28960,UNIMECH,UNIMECH AEROSPACE N MFG L,,,
10753,UNIONBANK,UNION BANK OF INDIA,,,
13057,UNIPARTS,UNIPARTS INDIA LIMITED,,,
16713,UBL,UNITED BREWERIES LTD,,,
3127,UFBL,UNITED FOODBRANDS LIMITED,,,
10447,UNITDSPR,UNITED SPIRITS LIMITED,,,
18977,UNIVASTU,UNIVASTU INDIA LIMITED,,,
3607,UNIVCABLES,UNIVERSAL CABLES LTD,,,
14154,UNOMINDA,UNO MINDA LIMITED,,,
19113,UDS,UPDATER SERVICES LIMITED,,,
11287,UPL,UPL LIMITED,,,
17071,URAVIDEF,URAVI DEFENCE &TECH LTD,,,
759084,URBANCO,URBAN COMPANY LIMITED,,,
8840,USHAMART,USHA MARTIN LTD.,,,
527,UTIAMC,UTI ASSET MNGMT CO LTD,,,
22440,BANKBETA,UTIAMC-BANKBETA,,,
21478,NEXT50BETA,UTIAMC-NEXT50BETA,,,
10511,NIFTYBETA,UTIAMC-NIFTYBETA,,,
15085,SILVERBETA,UTIAMC-SILVERBETA,,,
14535,GOLDBETA,UTIAMC-UTIGOLDBETA,,,
13376,UTTAMSUGAR,UTTAM SUGAR MILLS LTD.,,,
531652,UVS,UVS HOSPITALITY AND SERVICES L,,,
544464,UML,Umiya Mobile Limited,,,
15362,VGUARD,V-GUARD IND LTD.,,,
14766,V2RETAIL,V2 RETAIL LIMITED,,,
20188,WABAG,VA TECH WABAG LTD,,,
11364,VAIBHAVGBL,VAIBHAV GLOBAL LIMITED,,,
526775,VALIANT,VALIANT COMMUNICATIONS LTD.,,,
533160,DBREALTY,VALOR ESTATE LIMITED,,,
27067,VSSL,VARDHMAN SPC STEEL LTD,,,
2073,VTL,VARDHMAN TEXTILES LIMITED,,,
3857,VARROC,VARROC ENGINEERING LTD.,,,
18921,VBL,VARUN BEVERAGES LIMITED,,,
13771,VGL,VARVEE GLOBAL LIMITED,,,
544508,VASHISHTHA,VASHISHTHA LUXURY FASHION LIMI,,,
25340,VASWANI,VASWANI IND LTD,,,
8167,MANYAVAR,VEDANT FASHIONS LIMITED,,,
3063,VEDL,VEDANTA LIMITED,,,
14019,VEEDOL,VEEDOL CORPORATION LTD,,,
543931,VEEFIN,VEEFIN SOLUTIONS LIMITED,,,
3757,VENKEYS,VENKY S (INDIA) LIMITED,,,
28847,VENTIVE,VENTIVE HOSPITALITY LTD,,,
9592,VENUSPIPES,VENUS PIPES & TUBES LTD,,,
8890,VERANDA,VERANDA LEARNING SOL LTD,,,
3676,VESUVIUS,VESUVIUS INDIA LTD,,,
760224,VIDYAWIRES,VIDYA WIRES LIMITED,,,
5585,VIJAYA,VIJAYA DIAGNOSTIC CEN LTD,,,
530477,VIKRAMTH,VIKRAM THERMO (INDIA) LTD.,,,
758973,VIKRAN,VIKRAN ENGINEERING LTD,,,
13101,VIMTALABS,VIMTA LABS LIMITED,,,
17364,VINATIORGA,VINATI ORGANICS LTD,,,
3694,VINDHYATEL,VINDHYA TELELINKS LTD,,,
25835,VINCOFE,VINTAGE COFFEE N BVRGS L,,,
16821,VINYLINDIA,VINYL CHEMICALS (I) LTD.,,,
3703,VIPIND,VIP INDUSTRIES LTD,,,
4221,VISAKAIND,VISAKA INDUSTRIES LIMITED,,,
27969,VMM,VISHAL MEGA MART LIMITED,,,
6908,VISHNU,VISHNU CHEMICALS LIMITED,,,
14296,VIYASH,VIYASH SCIENTIFIC LIMITED,,,
3715,VLSFINANCE,VLS FINANCE LTD,,,
29284,VMART,VMART RETAIL LTD,,,
13577,VOLTAMP,VOLTAMP TRANSFORMERS LTD,,,
3718,VOLTAS,VOLTAS LTD,,,
24321,VRAJ,VRAJ IRON AND STEEL LTD,,,
8696,VRLLOG,VRL LOGISTICS LIMITED,,,
3724,VSTIND,VST INDUSTRIES LTD,,,
532893,VTMLTD,VTM LTD.,,,
544219,VVIPIL,VVIP Infratech Limited,,,
544778,VAHH,Vahh Chemicals Limited,,,
542910,VALENCIA,Valencia Nutrition Limited,,,
544780,VAML,Vedanta Aluminium Metal Limite,,,
544765,VPAL,Vegorama Punjabi Angithi Limit,,,
531717,VIDHIING,Vidhi Specialty Food Ingredien,,,
544488,VIKRAMSOLR,Vikram Solar Limited,,,
543597,VOEPL,Virtuoso Optoelectronics Limit,,,
544002,VIVAA,Vivaa Tradecom Limited,,,
762978,WPIL,W P I L LTD.,,,
14828,WSI,W.S.INDUSTRIES (I) LTD.,,,
25907,WAAREEENER,WAAREE ENERGIES LIMITED,,,
756038,WAAREERTL,WAAREE RENEWABLE TECH LTD,,,
539337,WAAREE,WAAREE TECHNOLOGIES LIMITED,,,
760259,WAKEFIT,WAKEFIT INNOVATIONS LTD,,,
3736,WALCHANNAG,WALCHANDNAGAR INDUSTRIES,,,
14063,WANBURY,WANBURY LIMITED,,,
14602,WEBELSOLAR,WEBSOL ENERGY SYSTEM LTD,,,
11821,WELCORP,WELSPUN CORP LIMITED,,,
11626,WELENT,WELSPUN ENTERPRISES LTD.,,,
11253,WELSPUNLIV,WELSPUN LIVING LIMITED,,,
762971,WELSPLSOL,WELSPUN SPECIALTY SOL L,,,
3799,WSTCSTPAPR,WEST COAST PAPER MILLS LT,,,
25403,WCIL,WESTERN CARRIERS (IND) L,,,
11580,WESTLIFE,WESTLIFE FOODWORLD LTD,,,
759434,WEWORK,WEWORK INDIA MANAGEMENT L,,,
3766,WHEELS,WHEELS INDIA LTD,,,
18011,WHIRLPOOL,WHIRLPOOL OF INDIA LTD,,,
5366,WINDLAS,WINDLAS BIOTECH LIMITED,,,
24969,WINDMACHIN,WINDSOR MACHINES LIMITED,,,
514470,WINSOMTX,WINSOME TEXTILE INDUSTRIES LTD,,,
3787,WIPRO,WIPRO LTD,,,
7506,WOCKPHARMA,WOCKHARDT LIMITED,,,
7835,WEL,WONDER ELECTRICALS LTD,,,
3002,WONDERLA,WONDERLA HOLIDAYS LTD.,,,
544610,WORKMATES,WORKMATES CORE2CLOUD SOLUTION,,,
11705,XCHANGING,XCHANGING SOLUTIONS LTD,,,
8477,XELPMOC,XELPMOC DESIGN & TECH LTD,,,
11407,XPROINDIA,XPRO INDIA LIMITED,,,
544770,YAASHVI,YAASHVI JEWELLERS LIMITED,,,
18131,YASHO,YASHO INDUSTRIES LIMITED,,,
17738,YATHARTH,YATHARTH HOSP & TRA C S L,,,
18760,YATRA,YATRA ONLINE LIMITED,,,
5501,YUKEN,YUKEN INDIA LIMITED,,,
544310,YASHHV,Yash Highvoltage Limited,,,
18608,ZAGGLE,ZAGGLE PREPA OCEAN SER L,,,
3812,ZEEL,ZEE ENTERTAINMENT ENT LTD,,,
7508,ZENTEC,ZEN TECHNOLOGIES LIMITED,,,
1076,ZENSARTECH,ZENSAR TECHNOLOGIES  LTD,,,
21750,LIQUIDCASE,ZERODHAAMC - LIQUIDCASE,,,
16915,ZFCVINDIA,ZF COM VE CTR SYS IND LTD,,,
3821,ZODIACLOTH,ZODIAC CLOTHING CO. LTD.,,,
11394,ZOTA,ZOTA HEALTH CARE LIMITED,,,
29050,ZUARI,ZUARI AGRO CHEMICALS LTD,,,
3827,ZUARIIND,ZUARI INDUSTRIES LIMITED,,,
7929,ZYDUSLIFE,ZYDUS LIFESCIENCES LTD,,,
17635,ZYDUSWELL,ZYDUS WELLNESS LIMITED,,,
544563,ZELIO,Zelio E Mobility Limited,,,
